,ID,Date,Time,Round,Day,Team_Home,Team_Away,Goals_Home,Goals_Away,xG_Home,XG_Away,Poss_Home,Formation_Home,Poss_Away,Formation_Away,Shots_Home,SoT_Home,AVG_Dist_Home,FK_Home,PK_Home,PKatt_Home,Shots_Away,SoT_Away,AVG_Dist_Away,FK_Away,PK_Away,PKatt_Away,Attendance,Captain_Home,Captain_Away,Referee
0,2023-08-19 20:00 Manchester City Newcastle United,2023-08-19,20:00,Matchweek 2,Sat,Manchester City,Newcastle United,1,0,1.0,0.3,59.0,4-2-3-1,41.0,4-3-3,14.0,4.0,17.9,0.0,0,0,7.0,1.0,20.3,0.0,0,0,53419.0,Kyle Walker,Kieran Trippier,Robert Jones
1,2023-09-02 15:00 Manchester City Fulham,2023-09-02,15:00,Matchweek 4,Sat,Manchester City,Fulham,5,1,2.2,1.4,68.0,4-2-3-1,32.0,4-3-3,6.0,4.0,14.8,0.0,1,1,6.0,4.0,11.4,0.0,0,0,52899.0,Kyle Walker,Tom Cairney,Michael Oliver
2,2023-09-23 15:00 Manchester City Nottingham Forest,2023-09-23,15:00,Matchweek 6,Sat,Manchester City,Nottingham Forest,2,0,1.3,1.0,57.0,4-2-3-1,43.0,5-4-1,7.0,4.0,17.2,2.0,0,0,10.0,3.0,17.8,1.0,0,0,53413.0,Kyle Walker,Serge Aurier,Anthony Taylor
3,2023-10-21 15:00 Manchester City Brighton,2023-10-21,15:00,Matchweek 9,Sat,Manchester City,Brighton,2,1,0.8,0.8,55.0,3-2-4-1,45.0,4-2-3-1,10.0,5.0,18.8,1.0,0,0,5.0,3.0,12.1,0.0,0,0,53466.0,Kyle Walker,Lewis Dunk,Robert Jones
4,2023-11-04 15:00 Manchester City Bournemouth,2023-11-04,15:00,Matchweek 11,Sat,Manchester City,Bournemouth,6,1,1.9,0.9,65.0,3-4-3,35.0,5-4-1,21.0,8.0,16.4,0.0,0,0,5.0,1.0,11.4,0.0,0,0,53358.0,Kyle Walker,Lloyd Kelly,Craig Pawson
5,2023-11-25 12:30 Manchester City Liverpool,2023-11-25,12:30,Matchweek 13,Sat,Manchester City,Liverpool,1,1,1.3,0.6,59.0,3-2-4-1,41.0,4-3-3,16.0,5.0,16.3,1.0,0,0,8.0,3.0,15.9,0.0,0,0,53289.0,Kyle Walker,Virgil van Dijk,Chris Kavanagh
6,2023-12-03 16:30 Manchester City Tottenham,2023-12-03,16:30,Matchweek 14,Sun,Manchester City,Tottenham,3,3,2.6,0.5,55.0,3-2-4-1,45.0,4-2-3-1,17.0,4.0,13.4,0.0,0,0,8.0,4.0,20.7,0.0,0,0,53473.0,Kyle Walker,Son Heung-min,Simon Hooper
7,2023-12-16 15:00 Manchester City Crystal Palace,2023-12-16,15:00,Matchweek 17,Sat,Manchester City,Crystal Palace,2,2,1.6,1.8,74.0,4-2-3-1,26.0,5-4-1,19.0,9.0,18.2,0.0,0,0,4.0,1.0,21.1,1.0,1,1,53248.0,Kyle Walker,Joel Ward,Paul Tierney
8,2023-12-30 15:00 Manchester City Sheffield,2023-12-30,15:00,Matchweek 20,Sat,Manchester City,Sheffield,2,0,2.2,0.3,80.0,4-2-3-1,20.0,3-4-3,18.0,4.0,17.4,0.0,0,0,4.0,2.0,14.9,0.0,0,0,53108.0,Kyle Walker,Jack Robinson,David Coote
9,2024-01-31 19:30 Manchester City Burnley,2024-01-31,19:30,Matchweek 22,Wed,Manchester City,Burnley,3,1,1.7,1.4,74.0,4-2-3-1,26.0,4-4-2,14.0,4.0,15.8,1.0,0,0,8.0,3.0,14.7,0.0,0,0,52143.0,Kevin De Bruyne,Josh Brownhill,Samuel Barrott
10,2024-02-10 12:30 Manchester City Everton,2024-02-10,12:30,Matchweek 24,Sat,Manchester City,Everton,2,0,1.6,0.3,72.0,4-1-4-1,28.0,4-2-3-1,19.0,3.0,17.4,0.0,0,0,5.0,1.0,22.9,0.0,0,0,52187.0,Rúben Dias,James Tarkowski,John Brooks
11,2024-02-17 17:30 Manchester City Chelsea,2024-02-17,17:30,Matchweek 25,Sat,Manchester City,Chelsea,1,1,2.6,1.4,70.0,4-1-4-1,30.0,4-2-3-1,31.0,5.0,15.9,1.0,0,0,9.0,6.0,12.8,0.0,0,0,52178.0,Kyle Walker,Ben Chilwell,Andy Madley
12,2024-02-20 19:30 Manchester City Brentford,2024-02-20,19:30,Matchweek 18,Tue,Manchester City,Brentford,1,0,2.3,0.4,70.0,4-2-3-1,30.0,3-5-2,25.0,10.0,17.6,0.0,0,0,6.0,2.0,19.4,1.0,0,0,52247.0,Kyle Walker,Christian Nørgaard,Darren England
13,2024-03-03 15:30 Manchester City Manchester United,2024-03-03,15:30,Matchweek 27,Sun,Manchester City,Manchester United,3,1,3.3,0.2,73.0,3-2-4-1,27.0,4-2-4-0,27.0,8.0,17.7,1.0,0,0,3.0,1.0,16.7,0.0,0,0,53514.0,Kyle Walker,Bruno Fernandes,Andy Madley
14,2024-03-31 16:30 Manchester City Arsenal,2024-03-31,16:30,Matchweek 30,Sun,Manchester City,Arsenal,0,0,1.0,0.7,72.0,4-1-4-1,28.0,4-3-3,12.0,1.0,14.2,0.0,0,0,6.0,2.0,14.2,0.0,0,0,52178.0,Kevin De Bruyne,Martin Ødegaard,Anthony Taylor
15,2024-04-03 20:15 Manchester City Aston Villa,2024-04-03,20:15,Matchweek 31,Wed,Manchester City,Aston Villa,4,1,3.4,0.8,67.0,4-2-3-1,33.0,4-2-3-1,25.0,11.0,15.9,2.0,0,0,8.0,3.0,12.4,0.0,0,0,53422.0,Rúben Dias,Douglas Luiz,Darren England
16,2024-04-13 15:00 Manchester City Luton Town,2024-04-13,15:00,Matchweek 33,Sat,Manchester City,Luton Town,5,1,4.2,0.5,73.0,4-2-3-1,27.0,3-4-3,36.0,12.0,16.9,0.0,1,1,4.0,2.0,9.3,0.0,0,0,52149.0,Kevin De Bruyne,Carlton Morris,John Brooks
17,2024-05-04 17:30 Manchester City Wolverhampton,2024-05-04,17:30,Matchweek 36,Sat,Manchester City,Wolverhampton,5,1,3.7,0.3,58.0,4-2-3-1,42.0,3-5-2,18.0,10.0,15.3,0.0,2,2,2.0,1.0,9.0,0.0,0,0,52439.0,Kyle Walker,Max Kilman,Craig Pawson
18,2024-05-19 16:00 Manchester City West Ham,2024-05-19,16:00,Matchweek 38,Sun,Manchester City,West Ham,3,1,1.9,0.4,71.0,4-1-4-1,29.0,3-4-3,28.0,12.0,17.9,2.0,0,0,3.0,2.0,10.3,0.0,0,0,55097.0,Kyle Walker,Kurt Zouma,John Brooks
19,2023-08-12 12:30 Arsenal Nottingham Forest,2023-08-12,12:30,Matchweek 1,Sat,Arsenal,Nottingham Forest,2,1,0.8,1.2,78.0,4-3-3,22.0,3-4-3,15.0,7.0,19.1,0.0,0,0,6.0,2.0,17.3,0.0,0,0,59984.0,Martin Ødegaard,Joe Worrall,Michael Oliver
20,2023-08-26 15:00 Arsenal Fulham,2023-08-26,15:00,Matchweek 3,Sat,Arsenal,Fulham,2,2,3.2,0.6,71.0,4-3-3,29.0,4-3-3,18.0,9.0,13.8,0.0,1,1,8.0,3.0,17.8,0.0,0,0,59961.0,Martin Ødegaard,Bobby Reid,Paul Tierney
21,2023-09-03 16:30 Arsenal Manchester United,2023-09-03,16:30,Matchweek 4,Sun,Arsenal,Manchester United,3,1,2.3,0.9,55.0,4-3-3,45.0,4-2-3-1,17.0,5.0,15.0,0.0,0,0,10.0,2.0,16.5,0.0,0,0,60192.0,Martin Ødegaard,Bruno Fernandes,Anthony Taylor
22,2023-09-24 14:00 Arsenal Tottenham,2023-09-24,14:00,Matchweek 6,Sun,Arsenal,Tottenham,2,2,1.8,1.4,47.0,4-3-3,53.0,4-2-3-1,12.0,4.0,16.9,0.0,1,1,13.0,5.0,16.0,0.0,0,0,60156.0,Martin Ødegaard,Son Heung-min,Robert Jones
23,2023-10-08 16:30 Arsenal Manchester City,2023-10-08,16:30,Matchweek 8,Sun,Arsenal,Manchester City,1,0,0.4,0.5,49.0,4-3-3,51.0,4-3-3,12.0,2.0,19.2,0.0,0,0,4.0,0.0,14.9,0.0,0,0,60233.0,Martin Ødegaard,Kyle Walker,Michael Oliver
24,2023-10-28 15:00 Arsenal Sheffield,2023-10-28,15:00,Matchweek 10,Sat,Arsenal,Sheffield,5,0,2.8,0.0,67.0,4-3-3,33.0,4-4-2,12.0,6.0,17.0,0.0,1,1,2.0,0.0,39.9,0.0,0,0,60153.0,Bukayo Saka,Oliver Norwood,Tim Robinson
25,2023-11-11 15:00 Arsenal Burnley,2023-11-11,15:00,Matchweek 12,Sat,Arsenal,Burnley,3,1,1.8,0.3,63.0,4-3-3,37.0,4-4-2,16.0,6.0,13.8,0.0,0,0,8.0,5.0,19.3,0.0,0,0,60232.0,Jorginho,Josh Brownhill,Michael Oliver
26,2023-12-02 15:00 Arsenal Wolverhampton,2023-12-02,15:00,Matchweek 14,Sat,Arsenal,Wolverhampton,2,1,2.8,0.7,57.0,4-3-3,43.0,3-5-2,19.0,6.0,15.6,0.0,0,0,6.0,3.0,10.8,0.0,0,0,60262.0,Martin Ødegaard,Max Kilman,Peter Bankes
27,2023-12-17 14:00 Arsenal Brighton,2023-12-17,14:00,Matchweek 17,Sun,Arsenal,Brighton,2,0,2.3,0.7,49.0,4-3-3,51.0,4-2-3-1,26.0,8.0,14.2,0.0,0,0,6.0,1.0,16.9,0.0,0,0,60257.0,Martin Ødegaard,Lewis Dunk,Tim Robinson
28,2023-12-28 20:15 Arsenal West Ham,2023-12-28,20:15,Matchweek 19,Thu,Arsenal,West Ham,0,2,2.7,1.4,73.0,4-3-3,27.0,4-2-3-1,30.0,8.0,16.8,0.0,0,0,5.0,2.0,17.4,0.0,0,1,60261.0,Martin Ødegaard,Angelo Ogbonna,Michael Oliver
29,2024-01-20 12:30 Arsenal Crystal Palace,2024-01-20,12:30,Matchweek 21,Sat,Arsenal,Crystal Palace,5,0,3.3,0.3,60.0,4-3-3,40.0,3-4-3,21.0,7.0,16.7,0.0,0,0,12.0,5.0,24.4,2.0,0,0,60284.0,Martin Ødegaard,Marc Guéhi,Paul Tierney
30,2024-02-04 16:30 Arsenal Liverpool,2024-02-04,16:30,Matchweek 23,Sun,Arsenal,Liverpool,3,1,3.5,0.4,43.0,4-3-3,57.0,4-3-3,15.0,7.0,14.2,0.0,0,0,10.0,1.0,19.7,0.0,0,0,60374.0,Martin Ødegaard,Virgil van Dijk,Anthony Taylor
31,2024-02-24 20:00 Arsenal Newcastle United,2024-02-24,20:00,Matchweek 26,Sat,Arsenal,Newcastle United,4,1,2.8,0.2,55.0,4-3-3,45.0,4-3-3,18.0,7.0,13.8,0.0,0,0,3.0,2.0,14.5,0.0,0,0,60298.0,Martin Ødegaard,Kieran Trippier,Paul Tierney
32,2024-03-09 17:30 Arsenal Brentford,2024-03-09,17:30,Matchweek 28,Sat,Arsenal,Brentford,2,1,1.3,1.0,71.0,4-3-3,29.0,3-5-2,17.0,5.0,16.4,0.0,0,0,9.0,4.0,17.1,0.0,0,0,60331.0,Martin Ødegaard,Christian Nørgaard,Robert Jones
33,2024-04-03 19:30 Arsenal Luton Town,2024-04-03,19:30,Matchweek 31,Wed,Arsenal,Luton Town,2,0,0.7,0.3,58.0,4-3-3,42.0,3-4-3,13.0,4.0,17.8,0.0,0,0,5.0,1.0,15.9,1.0,0,0,60262.0,Martin Ødegaard,Carlton Morris,Craig Pawson
34,2024-04-14 16:30 Arsenal Aston Villa,2024-04-14,16:30,Matchweek 33,Sun,Arsenal,Aston Villa,0,2,1.6,0.9,52.0,4-3-3,48.0,4-2-3-1,18.0,4.0,17.2,1.0,0,0,11.0,2.0,18.8,1.0,0,0,60350.0,Martin Ødegaard,John McGinn,David Coote
35,2024-04-23 20:00 Arsenal Chelsea,2024-04-23,20:00,Matchweek 29,Tue,Arsenal,Chelsea,5,0,3.3,1.6,45.0,4-3-3,55.0,4-2-3-1,27.0,10.0,16.3,0.0,0,0,7.0,1.0,13.0,1.0,0,0,60238.0,Martin Ødegaard,Conor Gallagher,Simon Hooper
36,2024-05-04 12:30 Arsenal Bournemouth,2024-05-04,12:30,Matchweek 36,Sat,Arsenal,Bournemouth,3,0,3.3,0.5,55.0,4-3-3,45.0,4-3-3,24.0,8.0,14.0,0.0,1,1,7.0,2.0,20.4,1.0,0,0,60348.0,Martin Ødegaard,Adam Smith,David Coote
37,2024-05-19 16:00 Arsenal Everton,2024-05-19,16:00,Matchweek 38,Sun,Arsenal,Everton,2,1,2.9,0.6,68.0,4-3-3,32.0,4-4-1-1,26.0,5.0,14.1,0.0,0,0,5.0,2.0,20.3,2.0,0,0,60312.0,Martin Ødegaard,Séamus Coleman,Michael Oliver
38,2023-08-19 15:00 Liverpool Bournemouth,2023-08-19,15:00,Matchweek 2,Sat,Liverpool,Bournemouth,3,1,3.0,1.3,64.0,4-3-3,36.0,4-2-3-1,25.0,9.0,16.8,1.0,0,1,13.0,5.0,19.7,1.0,0,0,53145.0,Virgil van Dijk,Neto,Thomas Bramall
39,2023-09-03 14:00 Liverpool Aston Villa,2023-09-03,14:00,Matchweek 4,Sun,Liverpool,Aston Villa,3,0,2.5,0.7,63.0,4-3-3,37.0,4-4-2,17.0,4.0,14.7,0.0,0,0,9.0,3.0,12.5,0.0,0,0,50109.0,Trent Alexander-Arnold,John McGinn,Simon Hooper
40,2023-09-24 14:00 Liverpool West Ham,2023-09-24,14:00,Matchweek 6,Sun,Liverpool,West Ham,3,1,3.0,1.1,63.0,4-3-3,37.0,4-2-3-1,21.0,6.0,19.3,2.0,1,1,11.0,4.0,13.5,0.0,0,0,50136.0,Virgil van Dijk,Kurt Zouma,Chris Kavanagh
41,2023-10-21 12:30 Liverpool Everton,2023-10-21,12:30,Matchweek 9,Sat,Liverpool,Everton,2,0,2.2,0.1,77.0,4-3-3,23.0,4-4-1-1,25.0,5.0,22.4,1.0,1,1,6.0,1.0,35.2,0.0,0,0,50201.0,Virgil van Dijk,James Tarkowski,Craig Pawson
42,2023-10-29 14:00 Liverpool Nottingham Forest,2023-10-29,14:00,Matchweek 10,Sun,Liverpool,Nottingham Forest,3,0,3.2,0.4,72.0,4-3-3,28.0,5-4-1,21.0,8.0,19.5,2.0,0,0,9.0,1.0,15.6,0.0,0,0,50143.0,Virgil van Dijk,Serge Aurier,Chris Kavanagh
43,2023-11-12 14:00 Liverpool Brentford,2023-11-12,14:00,Matchweek 12,Sun,Liverpool,Brentford,3,0,1.7,1.6,58.0,4-3-3,42.0,5-3-2,17.0,10.0,19.0,0.0,0,0,16.0,3.0,17.0,2.0,0,0,50151.0,Virgil van Dijk,Christian Nørgaard,Paul Tierney
44,2023-12-03 14:00 Liverpool Fulham,2023-12-03,14:00,Matchweek 14,Sun,Liverpool,Fulham,4,3,2.1,1.2,61.0,4-3-3,39.0,4-2-3-1,26.0,12.0,18.9,1.0,0,0,9.0,5.0,13.3,0.0,0,0,50124.0,Virgil van Dijk,Tim Ream,Stuart Attwell
45,2023-12-17 16:30 Liverpool Manchester United,2023-12-17,16:30,Matchweek 17,Sun,Liverpool,Manchester United,0,0,2.3,0.8,68.0,4-3-3,32.0,4-2-3-1,34.0,8.0,17.7,0.0,0,0,6.0,1.0,16.3,0.0,0,0,57158.0,Virgil van Dijk,Scott McTominay,Michael Oliver
46,2023-12-23 17:30 Liverpool Arsenal,2023-12-23,17:30,Matchweek 18,Sat,Liverpool,Arsenal,1,1,1.0,0.7,52.0,4-3-3,48.0,4-3-3,13.0,3.0,20.1,1.0,0,0,13.0,2.0,17.2,0.0,0,0,57548.0,Virgil van Dijk,Martin Ødegaard,Chris Kavanagh
47,2024-01-01 20:00 Liverpool Newcastle United,2024-01-01,20:00,Matchweek 20,Mon,Liverpool,Newcastle United,4,2,7.0,0.6,61.0,4-3-3,39.0,4-3-3,32.0,12.0,16.2,0.0,1,2,5.0,3.0,16.1,0.0,0,0,57471.0,Virgil van Dijk,Dan Burn,Anthony Taylor
48,2024-01-31 20:15 Liverpool Chelsea,2024-01-31,20:15,Matchweek 22,Wed,Liverpool,Chelsea,4,1,2.9,0.6,50.0,4-3-3,50.0,4-2-3-1,27.0,13.0,19.9,2.0,0,1,4.0,3.0,18.8,0.0,0,0,57524.0,Virgil van Dijk,Ben Chilwell,Paul Tierney
49,2024-02-10 15:00 Liverpool Burnley,2024-02-10,15:00,Matchweek 24,Sat,Liverpool,Burnley,3,1,2.8,1.3,70.0,4-3-3,30.0,4-4-2,25.0,10.0,15.4,0.0,0,0,9.0,4.0,17.6,0.0,0,0,59896.0,Virgil van Dijk,Josh Brownhill,Tim Robinson
50,2024-02-21 19:30 Liverpool Luton Town,2024-02-21,19:30,Matchweek 26,Wed,Liverpool,Luton Town,4,1,3.3,0.9,60.0,4-3-3,40.0,3-4-3,29.0,13.0,16.9,0.0,0,0,12.0,3.0,19.0,1.0,0,0,59713.0,Virgil van Dijk,Carlton Morris,Andy Madley
51,2024-03-10 15:45 Liverpool Manchester City,2024-03-10,15:45,Matchweek 28,Sun,Liverpool,Manchester City,1,1,2.7,1.6,53.0,4-3-3,47.0,3-2-4-1,18.0,5.0,19.0,1.0,1,1,10.0,6.0,18.6,0.0,0,0,59947.0,Virgil van Dijk,Kyle Walker,Michael Oliver
52,2024-03-31 14:00 Liverpool Brighton,2024-03-31,14:00,Matchweek 30,Sun,Liverpool,Brighton,2,1,2.8,0.5,55.0,4-3-3,45.0,4-2-3-1,30.0,8.0,16.6,0.0,0,0,9.0,3.0,17.2,0.0,0,0,60061.0,Virgil van Dijk,Lewis Dunk,David Coote
53,2024-04-04 19:30 Liverpool Sheffield,2024-04-04,19:30,Matchweek 31,Thu,Liverpool,Sheffield,3,1,1.8,0.6,82.0,4-3-3,18.0,3-5-2,29.0,9.0,18.1,1.0,0,0,5.0,3.0,13.6,1.0,0,0,60055.0,Virgil van Dijk,Jack Robinson,Stuart Attwell
54,2024-04-14 14:00 Liverpool Crystal Palace,2024-04-14,14:00,Matchweek 33,Sun,Liverpool,Crystal Palace,0,1,2.7,2.0,69.0,4-3-3,31.0,3-4-3,21.0,5.0,12.5,1.0,0,0,8.0,4.0,14.1,0.0,0,0,60090.0,Virgil van Dijk,Joachim Andersen,Chris Kavanagh
55,2024-05-05 16:30 Liverpool Tottenham,2024-05-05,16:30,Matchweek 36,Sun,Liverpool,Tottenham,4,2,3.3,1.2,44.0,4-3-3,56.0,4-3-3,25.0,12.0,15.3,0.0,0,0,11.0,6.0,21.6,1.0,0,0,60075.0,Virgil van Dijk,Son Heung-min,Paul Tierney
56,2024-05-19 16:00 Liverpool Wolverhampton,2024-05-19,16:00,Matchweek 38,Sun,Liverpool,Wolverhampton,2,0,4.5,0.5,67.0,4-3-3,33.0,3-5-1-1,36.0,13.0,14.8,0.0,0,0,4.0,2.0,19.0,1.0,0,0,60059.0,Virgil van Dijk,Max Kilman,Chris Kavanagh
57,2023-08-20 14:00 Aston Villa Everton,2023-08-20,14:00,Matchweek 2,Sun,Aston Villa,Everton,4,0,2.9,0.6,60.0,4-2-3-1,40.0,4-1-4-1,12.0,6.0,18.5,0.0,1,1,9.0,2.0,14.7,0.0,0,0,41694.0,John McGinn,James Tarkowski,Anthony Taylor
58,2023-09-16 15:00 Aston Villa Crystal Palace,2023-09-16,15:00,Matchweek 5,Sat,Aston Villa,Crystal Palace,3,1,3.0,1.2,66.0,4-2-3-1,34.0,4-4-1-1,15.0,4.0,16.2,0.0,1,1,6.0,3.0,16.1,0.0,0,0,40809.0,John McGinn,Joel Ward,Darren England
59,2023-09-30 12:30 Aston Villa Brighton,2023-09-30,12:30,Matchweek 7,Sat,Aston Villa,Brighton,6,1,1.6,1.7,39.0,4-2-3-1,61.0,4-2-3-1,19.0,9.0,17.9,1.0,0,0,11.0,3.0,15.4,0.0,0,0,40636.0,John McGinn,Lewis Dunk,Andy Madley
60,2023-10-22 16:30 Aston Villa West Ham,2023-10-22,16:30,Matchweek 9,Sun,Aston Villa,West Ham,4,1,1.9,1.1,58.0,4-4-2,42.0,4-2-3-1,14.0,6.0,19.6,0.0,1,1,14.0,4.0,15.2,1.0,0,0,41734.0,John McGinn,Kurt Zouma,David Coote
61,2023-10-29 14:00 Aston Villa Luton Town,2023-10-29,14:00,Matchweek 10,Sun,Aston Villa,Luton Town,3,1,2.3,0.5,70.0,4-4-2,30.0,3-4-3,17.0,6.0,14.5,0.0,0,0,7.0,1.0,17.3,0.0,0,0,41785.0,John McGinn,Tom Lockyer,John Brooks
62,2023-11-12 14:00 Aston Villa Fulham,2023-11-12,14:00,Matchweek 12,Sun,Aston Villa,Fulham,3,1,3.0,0.9,51.0,4-2-2-2,49.0,4-2-3-1,12.0,6.0,13.5,0.0,0,0,9.0,5.0,19.5,0.0,0,0,41608.0,John McGinn,Tim Ream,Simon Hooper
63,2023-12-06 20:15 Aston Villa Manchester City,2023-12-06,20:15,Matchweek 15,Wed,Aston Villa,Manchester City,1,0,2.3,0.6,46.0,4-4-1-1,54.0,3-2-4-1,22.0,7.0,18.9,0.0,0,0,2.0,2.0,7.4,0.0,0,0,41421.0,John McGinn,Kyle Walker,John Brooks
64,2023-12-09 17:30 Aston Villa Arsenal,2023-12-09,17:30,Matchweek 16,Sat,Aston Villa,Arsenal,1,0,0.6,1.4,39.0,4-4-1-1,61.0,4-3-3,10.0,3.0,20.8,1.0,0,0,12.0,3.0,14.8,1.0,0,0,42000.0,John McGinn,Martin Ødegaard,Jarred Gillett
65,2023-12-22 20:00 Aston Villa Sheffield,2023-12-22,20:00,Matchweek 18,Fri,Aston Villa,Sheffield,1,1,0.9,0.6,77.0,4-4-1-1,23.0,3-4-3,12.0,4.0,17.5,0.0,0,0,5.0,2.0,19.7,0.0,0,0,41651.0,John McGinn,Jack Robinson,Anthony Taylor
66,2023-12-30 15:00 Aston Villa Burnley,2023-12-30,15:00,Matchweek 20,Sat,Aston Villa,Burnley,3,2,3.2,1.2,64.0,4-4-1-1,36.0,4-4-2,18.0,6.0,16.9,1.0,1,1,9.0,5.0,15.4,0.0,0,0,41613.0,John McGinn,Josh Brownhill,Stuart Attwell
67,2024-01-30 20:15 Aston Villa Newcastle United,2024-01-30,20:15,Matchweek 22,Tue,Aston Villa,Newcastle United,1,3,1.4,2.6,61.0,4-4-2,39.0,4-3-3,12.0,5.0,14.3,0.0,0,0,14.0,5.0,11.9,0.0,0,0,42191.0,John McGinn,Kieran Trippier,John Brooks
68,2024-02-11 16:30 Aston Villa Manchester United,2024-02-11,16:30,Matchweek 24,Sun,Aston Villa,Manchester United,1,2,2.4,1.8,56.0,4-2-3-1,44.0,4-2-3-1,23.0,9.0,16.7,1.0,0,0,17.0,5.0,14.6,0.0,0,0,42185.0,John McGinn,Bruno Fernandes,Robert Jones
69,2024-02-24 15:00 Aston Villa Nottingham Forest,2024-02-24,15:00,Matchweek 26,Sat,Aston Villa,Nottingham Forest,4,2,3.6,2.6,58.0,4-2-3-1,42.0,4-2-3-1,16.0,6.0,14.3,2.0,0,0,10.0,3.0,16.4,0.0,0,0,42131.0,John McGinn,Morgan Gibbs-White,Samuel Barrott
70,2024-03-10 13:00 Aston Villa Tottenham,2024-03-10,13:00,Matchweek 28,Sun,Aston Villa,Tottenham,0,4,0.8,1.5,32.0,5-3-2,68.0,4-2-3-1,10.0,1.0,14.1,0.0,0,0,9.0,5.0,14.9,0.0,0,0,42310.0,John McGinn,Son Heung-min,Chris Kavanagh
71,2024-03-30 17:30 Aston Villa Wolverhampton,2024-03-30,17:30,Matchweek 30,Sat,Aston Villa,Wolverhampton,2,0,1.0,1.5,48.0,4-4-2,52.0,3-4-3,11.0,5.0,14.7,0.0,0,0,13.0,3.0,14.6,1.0,0,0,42640.0,Emiliano Martínez,Max Kilman,Paul Tierney
72,2024-04-06 15:00 Aston Villa Brentford,2024-04-06,15:00,Matchweek 32,Sat,Aston Villa,Brentford,3,3,1.5,1.5,69.0,4-4-1-1,31.0,3-5-2,11.0,3.0,12.1,1.0,0,0,8.0,3.0,16.5,2.0,0,0,42118.0,John McGinn,Mathias Jensen,Michael Salisbury
73,2024-04-21 15:00 Aston Villa Bournemouth,2024-04-21,15:00,Matchweek 34,Sun,Aston Villa,Bournemouth,3,1,2.4,1.8,56.0,4-2-3-1,44.0,4-2-3-1,15.0,5.0,14.8,0.0,0,0,13.0,4.0,16.4,0.0,1,1,42189.0,John McGinn,Neto,Tim Robinson
74,2024-04-27 20:00 Aston Villa Chelsea,2024-04-27,20:00,Matchweek 35,Sat,Aston Villa,Chelsea,2,2,1.1,1.6,29.0,4-4-1-1,71.0,4-2-3-1,9.0,4.0,15.0,0.0,0,0,21.0,5.0,21.7,1.0,0,0,42354.0,John McGinn,Conor Gallagher,Craig Pawson
75,2024-05-13 20:00 Aston Villa Liverpool,2024-05-13,20:00,Matchweek 37,Mon,Aston Villa,Liverpool,3,3,3.1,1.7,41.0,4-2-3-1,59.0,4-3-3,19.0,5.0,15.2,0.0,0,0,14.0,7.0,17.1,0.0,0,0,42241.0,John McGinn,Virgil van Dijk,Simon Hooper
76,2023-08-19 17:30 Tottenham Manchester United,2023-08-19,17:30,Matchweek 2,Sat,Tottenham,Manchester United,2,0,1.7,2.1,55.0,4-2-3-1,45.0,4-2-3-1,17.0,6.0,13.8,0.0,0,0,22.0,6.0,15.6,1.0,0,0,61910.0,Son Heung-min,Bruno Fernandes,Michael Oliver
77,2023-09-16 15:00 Tottenham Sheffield,2023-09-16,15:00,Matchweek 5,Sat,Tottenham,Sheffield,2,1,2.1,0.7,70.0,4-2-3-1,30.0,3-5-2,28.0,10.0,16.4,0.0,0,0,7.0,5.0,17.6,0.0,0,0,61706.0,Son Heung-min,Chris Basham,Peter Bankes
78,2023-09-30 17:30 Tottenham Liverpool,2023-09-30,17:30,Matchweek 7,Sat,Tottenham,Liverpool,2,1,2.2,1.3,64.0,4-2-3-1,36.0,4-3-3,24.0,8.0,19.8,0.0,0,0,12.0,4.0,14.9,0.0,0,0,62001.0,Son Heung-min,Virgil van Dijk,Simon Hooper
79,2023-10-23 20:00 Tottenham Fulham,2023-10-23,20:00,Matchweek 9,Mon,Tottenham,Fulham,2,0,1.5,1.0,55.0,4-2-3-1,45.0,4-2-3-1,15.0,5.0,17.2,0.0,0,0,10.0,3.0,17.6,0.0,0,0,61286.0,Son Heung-min,Tim Ream,Anthony Taylor
80,2023-11-06 20:00 Tottenham Chelsea,2023-11-06,20:00,Matchweek 11,Mon,Tottenham,Chelsea,1,4,0.9,4.1,40.0,4-2-3-1,60.0,4-2-3-1,8.0,5.0,23.5,1.0,0,0,16.0,6.0,16.8,0.0,1,1,61726.0,Son Heung-min,Reece James,Michael Oliver
81,2023-11-26 14:00 Tottenham Aston Villa,2023-11-26,14:00,Matchweek 13,Sun,Tottenham,Aston Villa,1,2,2.3,1.7,62.0,4-2-3-1,38.0,4-4-2,18.0,7.0,14.0,0.0,0,0,15.0,5.0,16.6,1.0,0,0,61679.0,Son Heung-min,John McGinn,Robert Jones
82,2023-12-07 20:15 Tottenham West Ham,2023-12-07,20:15,Matchweek 15,Thu,Tottenham,West Ham,1,2,1.8,2.2,74.0,4-2-3-1,26.0,4-3-3,23.0,6.0,17.1,1.0,0,0,11.0,5.0,15.0,0.0,0,0,61171.0,Son Heung-min,Kurt Zouma,Michael Salisbury
83,2023-12-10 16:30 Tottenham Newcastle United,2023-12-10,16:30,Matchweek 16,Sun,Tottenham,Newcastle United,4,1,3.8,1.7,56.0,4-2-3-1,44.0,4-3-3,22.0,10.0,15.5,0.0,1,1,9.0,3.0,14.4,0.0,0,0,61171.0,Son Heung-min,Jamaal Lascelles,Chris Kavanagh
84,2023-12-23 15:00 Tottenham Everton,2023-12-23,15:00,Matchweek 18,Sat,Tottenham,Everton,2,1,1.5,1.8,61.0,4-2-3-1,39.0,4-2-3-1,13.0,6.0,15.1,0.0,0,0,18.0,8.0,15.8,0.0,0,0,61808.0,Son Heung-min,James Tarkowski,Stuart Attwell
85,2023-12-31 14:00 Tottenham Bournemouth,2023-12-31,14:00,Matchweek 20,Sun,Tottenham,Bournemouth,3,1,2.3,1.7,50.0,4-3-3,50.0,4-2-3-1,12.0,6.0,14.7,0.0,0,0,24.0,4.0,17.2,1.0,0,0,61780.0,Son Heung-min,Neto,Simon Hooper
86,2024-01-31 19:30 Tottenham Brentford,2024-01-31,19:30,Matchweek 22,Wed,Tottenham,Brentford,3,2,2.9,1.6,67.0,4-2-3-1,33.0,3-5-2,19.0,5.0,14.3,0.0,0,0,9.0,5.0,12.9,0.0,0,0,61210.0,Cristian Romero,Christian Nørgaard,David Coote
87,2024-02-10 15:00 Tottenham Brighton,2024-02-10,15:00,Matchweek 24,Sat,Tottenham,Brighton,2,1,1.6,1.2,52.0,4-2-3-1,48.0,4-2-3-1,16.0,6.0,17.1,1.0,0,0,5.0,2.0,17.8,0.0,1,1,61445.0,Cristian Romero,Lewis Dunk,Samuel Barrott
88,2024-02-17 15:00 Tottenham Wolverhampton,2024-02-17,15:00,Matchweek 25,Sat,Tottenham,Wolverhampton,1,2,1.6,1.8,71.0,4-2-3-1,29.0,3-4-3,15.0,4.0,14.3,0.0,0,0,12.0,7.0,15.9,0.0,0,0,61532.0,Son Heung-min,José Sá,Anthony Taylor
89,2024-03-02 15:00 Tottenham Crystal Palace,2024-03-02,15:00,Matchweek 27,Sat,Tottenham,Crystal Palace,3,1,1.9,0.3,78.0,4-2-3-1,22.0,3-4-3,14.0,6.0,13.5,0.0,0,0,4.0,1.0,18.6,1.0,0,0,61339.0,Son Heung-min,Joel Ward,John Brooks
90,2024-03-30 15:00 Tottenham Luton Town,2024-03-30,15:00,Matchweek 30,Sat,Tottenham,Luton Town,2,1,2.9,0.5,70.0,4-2-3-1,30.0,4-3-3,17.0,2.0,14.5,1.0,0,0,7.0,3.0,17.7,0.0,0,0,61534.0,Son Heung-min,Carlton Morris,Jarred Gillett
91,2024-04-07 18:00 Tottenham Nottingham Forest,2024-04-07,18:00,Matchweek 32,Sun,Tottenham,Nottingham Forest,3,1,1.5,1.5,63.0,4-2-3-1,37.0,4-2-3-1,17.0,7.0,20.2,1.0,0,0,13.0,6.0,22.9,1.0,0,0,61098.0,Son Heung-min,Ryan Yates,Simon Hooper
92,2024-04-28 14:00 Tottenham Arsenal,2024-04-28,14:00,Matchweek 35,Sun,Tottenham,Arsenal,2,3,2.3,1.0,62.0,4-2-3-1,38.0,4-3-3,14.0,1.0,16.8,0.0,1,1,9.0,3.0,14.3,1.0,0,0,61554.0,Son Heung-min,Martin Ødegaard,Michael Oliver
93,2024-05-11 15:00 Tottenham Burnley,2024-05-11,15:00,Matchweek 37,Sat,Tottenham,Burnley,2,1,2.7,0.7,63.0,4-3-3,37.0,4-4-2,21.0,9.0,16.0,0.0,0,0,7.0,3.0,11.8,0.0,0,0,61148.0,Son Heung-min,Josh Cullen,Jarred Gillett
94,2024-05-14 20:00 Tottenham Manchester City,2024-05-14,20:00,Matchweek 34,Tue,Tottenham,Manchester City,0,2,1.7,2.4,53.0,4-3-1-2,47.0,4-2-3-1,10.0,5.0,15.0,0.0,0,0,7.0,4.0,14.5,0.0,1,1,61065.0,Son Heung-min,Kyle Walker,Chris Kavanagh
95,2023-08-13 16:30 Chelsea Liverpool,2023-08-13,16:30,Matchweek 1,Sun,Chelsea,Liverpool,1,1,1.4,1.3,65.0,3-4-3,35.0,4-3-3,10.0,4.0,13.2,1.0,0,0,13.0,1.0,17.8,0.0,0,0,40096.0,Reece James,Virgil van Dijk,Anthony Taylor
96,2023-08-25 20:00 Chelsea Luton Town,2023-08-25,20:00,Matchweek 3,Fri,Chelsea,Luton Town,3,0,2.2,0.4,67.0,3-4-3,33.0,5-3-2,19.0,8.0,14.2,1.0,0,0,11.0,1.0,19.0,1.0,0,0,39893.0,Ben Chilwell,Tom Lockyer,Robert Jones
97,2023-09-02 15:00 Chelsea Nottingham Forest,2023-09-02,15:00,Matchweek 4,Sat,Chelsea,Nottingham Forest,0,1,2.3,0.8,75.0,3-4-3,25.0,3-4-3,21.0,2.0,17.7,2.0,0,0,7.0,3.0,19.0,0.0,0,0,39820.0,Ben Chilwell,Joe Worrall,Tim Robinson
98,2023-09-24 14:00 Chelsea Aston Villa,2023-09-24,14:00,Matchweek 6,Sun,Chelsea,Aston Villa,0,1,1.3,1.0,53.0,4-2-3-1,47.0,4-2-3-1,10.0,4.0,17.8,0.0,0,0,15.0,7.0,18.2,1.0,0,0,39700.0,Conor Gallagher,John McGinn,Jarred Gillett
99,2023-10-21 17:30 Chelsea Arsenal,2023-10-21,17:30,Matchweek 9,Sat,Chelsea,Arsenal,2,2,1.3,1.0,44.0,4-2-3-1,56.0,4-3-3,10.0,4.0,20.4,0.0,1,1,13.0,3.0,14.3,0.0,0,0,39723.0,Conor Gallagher,Martin Ødegaard,Chris Kavanagh
100,2023-10-28 12:30 Chelsea Brentford,2023-10-28,12:30,Matchweek 10,Sat,Chelsea,Brentford,0,2,1.9,2.2,68.0,4-2-3-1,32.0,3-5-2,17.0,2.0,16.1,1.0,0,0,7.0,5.0,12.7,0.0,0,0,39575.0,Conor Gallagher,Christian Nørgaard,Simon Hooper
101,2023-11-12 16:30 Chelsea Manchester City,2023-11-12,16:30,Matchweek 12,Sun,Chelsea,Manchester City,4,4,2.9,2.9,45.0,4-2-3-1,55.0,3-2-4-1,16.0,8.0,19.1,1.0,1,1,14.0,9.0,16.6,1.0,1,1,39532.0,Reece James,Kyle Walker,Anthony Taylor
102,2023-12-03 14:00 Chelsea Brighton,2023-12-03,14:00,Matchweek 14,Sun,Chelsea,Brighton,3,2,2.1,1.1,32.0,4-2-3-1,68.0,4-2-3-1,7.0,3.0,19.6,0.0,1,1,18.0,9.0,18.6,1.0,0,0,39647.0,Conor Gallagher,Adam Lallana,Craig Pawson
103,2023-12-16 15:00 Chelsea Sheffield,2023-12-16,15:00,Matchweek 17,Sat,Chelsea,Sheffield,2,0,3.1,0.4,78.0,4-2-3-1,22.0,4-1-4-1,15.0,6.0,17.2,1.0,0,0,6.0,1.0,19.7,1.0,0,0,39599.0,Conor Gallagher,Anel Ahmedhodžić,Andy Madley
104,2023-12-27 19:30 Chelsea Crystal Palace,2023-12-27,19:30,Matchweek 19,Wed,Chelsea,Crystal Palace,2,1,2.6,1.1,63.0,4-2-3-1,37.0,4-3-3,8.0,2.0,15.3,0.0,1,1,13.0,5.0,19.6,2.0,0,0,39618.0,Conor Gallagher,Marc Guéhi,Michael Salisbury
105,2024-01-13 12:30 Chelsea Fulham,2024-01-13,12:30,Matchweek 21,Sat,Chelsea,Fulham,1,0,2.2,0.8,55.0,4-2-3-1,45.0,4-2-3-1,16.0,2.0,17.5,0.0,1,1,14.0,4.0,22.0,2.0,0,0,39643.0,Conor Gallagher,Tom Cairney,Anthony Taylor
106,2024-02-04 14:00 Chelsea Wolverhampton,2024-02-04,14:00,Matchweek 23,Sun,Chelsea,Wolverhampton,2,4,1.7,2.0,64.0,4-2-3-1,36.0,3-4-3,15.0,4.0,14.5,0.0,0,0,13.0,6.0,16.6,2.0,1,1,39628.0,Ben Chilwell,Max Kilman,Tim Robinson
107,2024-03-11 20:00 Chelsea Newcastle United,2024-03-11,20:00,Matchweek 28,Mon,Chelsea,Newcastle United,3,2,1.6,0.7,44.0,4-2-3-1,56.0,4-3-3,12.0,7.0,19.7,0.0,0,0,11.0,3.0,16.0,0.0,0,0,37753.0,Conor Gallagher,Dan Burn,John Brooks
108,2024-03-30 15:00 Chelsea Burnley,2024-03-30,15:00,Matchweek 30,Sat,Chelsea,Burnley,2,2,4.2,1.6,69.0,4-2-3-1,31.0,4-4-2,32.0,12.0,17.8,0.0,1,1,18.0,6.0,14.4,2.0,0,0,39535.0,Conor Gallagher,Josh Cullen,Darren England
109,2024-04-04 20:15 Chelsea Manchester United,2024-04-04,20:15,Matchweek 31,Thu,Chelsea,Manchester United,4,3,3.0,1.5,57.0,4-2-3-1,43.0,4-2-3-1,26.0,8.0,19.0,1.0,2,2,19.0,5.0,16.8,0.0,0,0,39694.0,Conor Gallagher,Bruno Fernandes,Jarred Gillett
110,2024-04-15 20:00 Chelsea Everton,2024-04-15,20:00,Matchweek 33,Mon,Chelsea,Everton,6,0,3.1,1.5,58.0,4-2-3-1,42.0,4-4-1-1,13.0,9.0,18.8,0.0,1,1,10.0,2.0,13.7,0.0,0,0,39392.0,Conor Gallagher,Séamus Coleman,Paul Tierney
111,2024-05-02 19:30 Chelsea Tottenham,2024-05-02,19:30,Matchweek 26,Thu,Chelsea,Tottenham,2,0,2.2,1.6,37.0,4-2-3-1,63.0,4-2-3-1,16.0,4.0,16.1,2.0,0,0,19.0,3.0,16.9,0.0,0,0,39086.0,Conor Gallagher,Son Heung-min,Robert Jones
112,2024-05-05 14:00 Chelsea West Ham,2024-05-05,14:00,Matchweek 36,Sun,Chelsea,West Ham,5,0,4.1,0.9,69.0,4-2-3-1,31.0,4-2-3-1,25.0,14.0,15.7,1.0,0,0,13.0,2.0,17.6,2.0,0,0,39295.0,Conor Gallagher,Kurt Zouma,Andy Madley
113,2024-05-19 16:00 Chelsea Bournemouth,2024-05-19,16:00,Matchweek 38,Sun,Chelsea,Bournemouth,2,1,1.1,2.2,61.0,4-2-3-1,39.0,4-2-3-1,16.0,6.0,18.2,0.0,0,0,22.0,5.0,16.8,0.0,0,0,39724.0,Conor Gallagher,Neto,Anthony Taylor
114,2023-08-12 17:30 Newcastle United Aston Villa,2023-08-12,17:30,Matchweek 1,Sat,Newcastle United,Aston Villa,5,1,3.3,1.8,52.0,4-3-3,48.0,4-2-3-1,17.0,12.0,13.2,0.0,0,0,16.0,6.0,14.5,1.0,0,0,52207.0,Kieran Trippier,John McGinn,Andy Madley
115,2023-08-27 16:30 Newcastle United Liverpool,2023-08-27,16:30,Matchweek 3,Sun,Newcastle United,Liverpool,1,2,2.0,0.9,59.0,4-3-3,41.0,4-3-3,23.0,8.0,18.3,1.0,0,0,9.0,4.0,17.2,1.0,0,0,52214.0,Kieran Trippier,Virgil van Dijk,John Brooks
116,2023-09-16 17:30 Newcastle United Brentford,2023-09-16,17:30,Matchweek 5,Sat,Newcastle United,Brentford,1,0,1.4,0.5,56.0,4-3-3,44.0,5-3-2,8.0,1.0,20.2,0.0,1,1,11.0,2.0,15.7,0.0,0,0,51670.0,Kieran Trippier,Christian Nørgaard,Craig Pawson
117,2023-09-30 15:00 Newcastle United Burnley,2023-09-30,15:00,Matchweek 7,Sat,Newcastle United,Burnley,2,0,3.1,0.6,53.0,4-3-3,47.0,4-2-3-1,19.0,6.0,15.8,0.0,1,1,8.0,2.0,16.3,0.0,0,0,51687.0,Jamaal Lascelles,Josh Brownhill,Thomas Bramall
118,2023-10-21 15:00 Newcastle United Crystal Palace,2023-10-21,15:00,Matchweek 9,Sat,Newcastle United,Crystal Palace,4,0,2.4,1.2,59.0,4-3-3,41.0,4-3-3,10.0,7.0,10.2,0.0,0,0,17.0,3.0,17.8,1.0,0,0,52189.0,Jamaal Lascelles,Joel Ward,Tim Robinson
119,2023-11-04 17:30 Newcastle United Arsenal,2023-11-04,17:30,Matchweek 11,Sat,Newcastle United,Arsenal,1,0,1.0,0.6,42.0,4-3-3,58.0,4-3-3,9.0,1.0,18.6,0.0,0,0,14.0,1.0,20.7,0.0,0,0,52194.0,Jamaal Lascelles,Jorginho,Stuart Attwell
120,2023-11-25 15:00 Newcastle United Chelsea,2023-11-25,15:00,Matchweek 13,Sat,Newcastle United,Chelsea,4,1,2.4,0.5,54.0,4-3-3,46.0,4-2-3-1,14.0,5.0,17.0,1.0,0,0,7.0,4.0,18.4,2.0,0,0,52227.0,Jamaal Lascelles,Reece James,Simon Hooper
121,2023-12-02 20:00 Newcastle United Manchester United,2023-12-02,20:00,Matchweek 14,Sat,Newcastle United,Manchester United,1,0,2.4,0.5,58.0,4-3-3,42.0,4-2-3-1,22.0,4.0,16.4,1.0,0,0,8.0,1.0,18.2,0.0,0,0,52214.0,Jamaal Lascelles,Bruno Fernandes,Robert Jones
122,2023-12-16 15:00 Newcastle United Fulham,2023-12-16,15:00,Matchweek 17,Sat,Newcastle United,Fulham,3,0,3.5,0.3,70.0,4-3-3,30.0,4-2-3-1,27.0,10.0,14.4,0.0,0,0,6.0,4.0,23.1,0.0,0,0,52055.0,Jamaal Lascelles,Tom Cairney,Samuel Barrott
123,2023-12-26 12:30 Newcastle United Nottingham Forest,2023-12-26,12:30,Matchweek 19,Tue,Newcastle United,Nottingham Forest,1,3,2.4,3.5,62.0,4-3-3,38.0,4-2-3-1,18.0,5.0,15.1,1.0,1,1,15.0,6.0,15.8,0.0,0,0,52207.0,Kieran Trippier,Morgan Gibbs-White,Chris Kavanagh
124,2024-01-13 17:30 Newcastle United Manchester City,2024-01-13,17:30,Matchweek 21,Sat,Newcastle United,Manchester City,2,3,1.3,3.0,28.0,4-3-3,72.0,4-2-3-1,12.0,5.0,14.7,0.0,0,0,27.0,11.0,19.3,2.0,0,0,52190.0,Kieran Trippier,Kyle Walker,Chris Kavanagh
125,2024-02-03 15:00 Newcastle United Luton Town,2024-02-03,15:00,Matchweek 23,Sat,Newcastle United,Luton Town,4,4,2.3,2.4,55.0,4-3-3,45.0,3-4-3,19.0,6.0,16.3,0.0,0,0,10.0,7.0,14.0,0.0,1,1,52211.0,Kieran Trippier,Carlton Morris,Thomas Bramall
126,2024-02-17 15:00 Newcastle United Bournemouth,2024-02-17,15:00,Matchweek 25,Sat,Newcastle United,Bournemouth,2,2,2.2,2.2,62.0,4-3-3,38.0,4-2-3-1,16.0,4.0,19.4,0.0,1,1,12.0,6.0,20.3,0.0,0,0,52224.0,Kieran Trippier,Neto,Michael Salisbury
127,2024-03-02 15:00 Newcastle United Wolverhampton,2024-03-02,15:00,Matchweek 27,Sat,Newcastle United,Wolverhampton,3,0,2.1,0.8,44.0,4-3-3,56.0,3-4-3,14.0,6.0,16.3,1.0,0,0,12.0,3.0,15.9,0.0,0,0,52206.0,Kieran Trippier,Max Kilman,Tim Robinson
128,2024-03-30 12:30 Newcastle United West Ham,2024-03-30,12:30,Matchweek 30,Sat,Newcastle United,West Ham,4,3,4.1,1.4,60.0,4-3-3,40.0,4-2-3-1,22.0,7.0,17.6,0.0,2,2,10.0,4.0,14.1,0.0,0,0,52199.0,Jamaal Lascelles,Kurt Zouma,Robert Jones
129,2024-04-02 19:30 Newcastle United Everton,2024-04-02,19:30,Matchweek 31,Tue,Newcastle United,Everton,1,1,2.4,1.4,57.0,4-3-3,43.0,4-4-1-1,18.0,5.0,15.7,0.0,0,0,9.0,2.0,17.4,0.0,1,1,52135.0,Dan Burn,James Tarkowski,Tony Harrington
130,2024-04-13 12:30 Newcastle United Tottenham,2024-04-13,12:30,Matchweek 33,Sat,Newcastle United,Tottenham,4,0,2.8,0.8,28.0,4-3-3,72.0,4-2-3-1,18.0,5.0,11.1,0.0,0,0,11.0,2.0,19.0,0.0,0,0,52147.0,Dan Burn,Son Heung-min,Tim Robinson
131,2024-04-27 15:00 Newcastle United Sheffield,2024-04-27,15:00,Matchweek 35,Sat,Newcastle United,Sheffield,5,1,3.1,1.5,60.0,4-3-3,40.0,3-5-2,19.0,6.0,16.0,0.0,1,1,15.0,4.0,13.5,0.0,0,0,52196.0,Dan Burn,Oliver Arblaster,Tony Harrington
132,2024-05-11 15:00 Newcastle United Brighton,2024-05-11,15:00,Matchweek 37,Sat,Newcastle United,Brighton,1,1,2.2,1.4,57.0,4-3-3,43.0,4-2-3-1,18.0,7.0,15.8,0.0,0,0,15.0,4.0,16.2,0.0,0,0,51997.0,Dan Burn,Lewis Dunk,Darren England
133,2023-08-14 20:00 Manchester United Wolverhampton,2023-08-14,20:00,Matchweek 1,Mon,Manchester United,Wolverhampton,1,0,2.2,2.2,51.0,4-1-4-1,49.0,4-4-2,15.0,2.0,14.7,0.0,0,0,23.0,6.0,15.3,0.0,0,0,73358.0,Bruno Fernandes,Max Kilman,Simon Hooper
134,2023-08-26 15:00 Manchester United Nottingham Forest,2023-08-26,15:00,Matchweek 3,Sat,Manchester United,Nottingham Forest,3,2,2.8,1.2,66.0,4-2-3-1,34.0,3-4-3,17.0,8.0,20.3,0.0,1,1,9.0,4.0,14.7,0.0,0,0,73595.0,Bruno Fernandes,Joe Worrall,Stuart Attwell
135,2023-09-16 15:00 Manchester United Brighton,2023-09-16,15:00,Matchweek 5,Sat,Manchester United,Brighton,1,3,1.0,1.7,44.0,4-1-2-1-2◆,56.0,4-2-3-1,14.0,4.0,18.6,1.0,0,0,10.0,8.0,17.1,0.0,0,0,73592.0,Bruno Fernandes,Lewis Dunk,Jarred Gillett
136,2023-09-30 15:00 Manchester United Crystal Palace,2023-09-30,15:00,Matchweek 7,Sat,Manchester United,Crystal Palace,0,1,1.3,0.9,77.0,4-2-3-1,23.0,4-3-3,19.0,3.0,15.5,0.0,0,0,8.0,2.0,13.5,0.0,0,0,73428.0,Bruno Fernandes,Joel Ward,Chris Kavanagh
137,2023-10-07 15:00 Manchester United Brentford,2023-10-07,15:00,Matchweek 8,Sat,Manchester United,Brentford,2,1,1.4,0.9,64.0,4-2-3-1,36.0,3-5-2,21.0,8.0,18.3,1.0,0,0,11.0,3.0,17.3,0.0,0,0,73453.0,Bruno Fernandes,Christian Nørgaard,Andy Madley
138,2023-10-29 15:30 Manchester United Manchester City,2023-10-29,15:30,Matchweek 10,Sun,Manchester United,Manchester City,0,3,0.9,4.0,40.0,4-2-3-1,60.0,4-2-3-1,7.0,3.0,15.2,0.0,0,0,20.0,9.0,17.2,2.0,1,1,73502.0,Bruno Fernandes,Kyle Walker,Paul Tierney
139,2023-11-11 15:00 Manchester United Luton Town,2023-11-11,15:00,Matchweek 12,Sat,Manchester United,Luton Town,1,0,2.2,0.4,64.0,4-2-3-1,36.0,3-4-3,15.0,4.0,14.0,1.0,0,0,10.0,4.0,21.9,1.0,0,0,73599.0,Bruno Fernandes,Tom Lockyer,Graham Scott
140,2023-12-06 20:15 Manchester United Chelsea,2023-12-06,20:15,Matchweek 15,Wed,Manchester United,Chelsea,2,1,4.1,1.5,45.0,4-2-3-1,55.0,4-2-3-1,27.0,8.0,15.4,1.0,0,1,13.0,3.0,15.0,0.0,0,0,73607.0,Bruno Fernandes,Levi Colwill,Chris Kavanagh
141,2023-12-09 15:00 Manchester United Bournemouth,2023-12-09,15:00,Matchweek 16,Sat,Manchester United,Bournemouth,0,3,1.1,1.5,68.0,4-2-3-1,32.0,4-2-3-1,20.0,3.0,15.4,0.0,0,0,10.0,4.0,12.7,0.0,0,0,73427.0,Bruno Fernandes,Neto,Peter Bankes
142,2023-12-26 20:00 Manchester United Aston Villa,2023-12-26,20:00,Matchweek 19,Tue,Manchester United,Aston Villa,3,2,1.1,1.7,46.0,4-2-3-1,54.0,4-2-3-1,13.0,7.0,18.0,1.0,0,0,10.0,3.0,14.6,1.0,0,0,73574.0,Bruno Fernandes,John McGinn,Craig Pawson
143,2024-01-14 16:30 Manchester United Tottenham,2024-01-14,16:30,Matchweek 21,Sun,Manchester United,Tottenham,2,2,0.8,1.2,37.0,4-2-3-1,63.0,4-3-3,9.0,2.0,14.5,1.0,0,0,16.0,5.0,14.4,0.0,0,0,73489.0,Bruno Fernandes,Cristian Romero,John Brooks
144,2024-02-04 14:00 Manchester United West Ham,2024-02-04,14:00,Matchweek 23,Sun,Manchester United,West Ham,3,0,0.7,1.4,51.0,4-2-3-1,49.0,4-2-3-1,12.0,5.0,20.4,0.0,0,0,22.0,3.0,18.9,1.0,0,0,73612.0,Bruno Fernandes,Kurt Zouma,Andy Madley
145,2024-02-24 15:00 Manchester United Fulham,2024-02-24,15:00,Matchweek 26,Sat,Manchester United,Fulham,1,2,1.7,1.2,57.0,4-2-3-1,43.0,4-2-3-1,21.0,8.0,17.3,0.0,0,0,17.0,5.0,17.1,0.0,0,0,73487.0,Bruno Fernandes,Harrison Reed,Michael Oliver
146,2024-03-09 12:30 Manchester United Everton,2024-03-09,12:30,Matchweek 28,Sat,Manchester United,Everton,2,0,2.7,1.6,51.0,4-2-4-0,49.0,4-4-1-1,13.0,6.0,17.6,1.0,2,2,23.0,6.0,16.9,1.0,0,0,73601.0,Bruno Fernandes,James Tarkowski,Simon Hooper
147,2024-04-07 15:30 Manchester United Liverpool,2024-04-07,15:30,Matchweek 32,Sun,Manchester United,Liverpool,2,2,0.7,3.6,38.0,4-2-3-1,62.0,4-3-3,9.0,5.0,18.1,0.0,0,0,27.0,6.0,17.5,0.0,1,1,73501.0,Bruno Fernandes,Virgil van Dijk,Anthony Taylor
148,2024-04-24 20:00 Manchester United Sheffield,2024-04-24,20:00,Matchweek 29,Wed,Manchester United,Sheffield,4,2,2.9,0.8,71.0,4-2-3-1,29.0,3-5-2,24.0,12.0,16.9,0.0,1,1,10.0,4.0,17.8,1.0,0,0,73549.0,Bruno Fernandes,Oliver Arblaster,Michael Salisbury
149,2024-04-27 15:00 Manchester United Burnley,2024-04-27,15:00,Matchweek 35,Sat,Manchester United,Burnley,1,1,2.7,2.1,48.0,4-2-3-1,52.0,4-4-2,27.0,10.0,18.0,0.0,0,0,15.0,6.0,19.3,1.0,1,1,73571.0,Bruno Fernandes,Josh Cullen,John Brooks
150,2024-05-12 16:30 Manchester United Arsenal,2024-05-12,16:30,Matchweek 37,Sun,Manchester United,Arsenal,0,1,0.5,1.5,54.0,4-2-3-1,46.0,4-3-3,14.0,2.0,22.9,0.0,0,0,11.0,5.0,13.4,0.0,0,0,73600.0,Scott McTominay,Martin Ødegaard,Paul Tierney
151,2024-05-15 20:00 Manchester United Newcastle United,2024-05-15,20:00,Matchweek 34,Wed,Manchester United,Newcastle United,3,2,1.5,2.2,45.0,4-2-2-2,55.0,4-3-3,17.0,8.0,15.2,0.0,0,0,21.0,7.0,14.6,0.0,0,0,73582.0,Bruno Fernandes,Kieran Trippier,Robert Jones
152,2023-08-20 16:30 West Ham Chelsea,2023-08-20,16:30,Matchweek 2,Sun,West Ham,Chelsea,3,1,1.8,2.5,25.0,4-2-3-1,75.0,3-4-3,11.0,5.0,19.6,0.0,1,1,16.0,3.0,17.1,0.0,0,1,62451.0,Kurt Zouma,Ben Chilwell,John Brooks
153,2023-09-16 15:00 West Ham Manchester City,2023-09-16,15:00,Matchweek 5,Sat,West Ham,Manchester City,1,3,0.9,3.6,32.0,4-2-3-1,68.0,4-2-3-1,6.0,3.0,12.1,0.0,0,0,29.0,13.0,16.4,1.0,0,0,62475.0,Kurt Zouma,Kyle Walker,Andy Madley
154,2023-09-30 15:00 West Ham Sheffield,2023-09-30,15:00,Matchweek 7,Sat,West Ham,Sheffield,2,0,2.1,1.1,52.0,4-2-3-1,48.0,3-5-2,20.0,8.0,12.6,1.0,0,0,16.0,2.0,15.7,0.0,0,0,62459.0,Kurt Zouma,John Egan,Graham Scott
155,2023-10-08 14:00 West Ham Newcastle United,2023-10-08,14:00,Matchweek 8,Sun,West Ham,Newcastle United,2,2,1.2,2.0,36.0,4-2-3-1,64.0,4-3-3,5.0,3.0,14.9,1.0,0,0,10.0,3.0,12.1,0.0,0,0,62473.0,Kurt Zouma,Jamaal Lascelles,Peter Bankes
156,2023-10-29 13:00 West Ham Everton,2023-10-29,13:00,Matchweek 10,Sun,West Ham,Everton,0,1,0.7,0.8,64.0,4-2-3-1,36.0,4-4-1-1,12.0,2.0,17.3,0.0,0,0,10.0,4.0,17.4,0.0,0,0,62469.0,Kurt Zouma,James Tarkowski,Stuart Attwell
157,2023-11-12 14:00 West Ham Nottingham Forest,2023-11-12,14:00,Matchweek 12,Sun,West Ham,Nottingham Forest,3,2,1.8,1.7,54.0,4-2-3-1,46.0,4-3-3,16.0,6.0,18.0,1.0,0,0,10.0,5.0,15.6,0.0,0,0,62470.0,Kurt Zouma,Morgan Gibbs-White,Michael Salisbury
158,2023-12-03 14:00 West Ham Crystal Palace,2023-12-03,14:00,Matchweek 14,Sun,West Ham,Crystal Palace,1,1,1.1,0.9,55.0,4-2-3-1,45.0,4-3-3,9.0,3.0,15.7,1.0,0,0,9.0,2.0,17.4,1.0,0,0,62414.0,Tomáš Souček,Joel Ward,Michael Oliver
159,2023-12-17 14:00 West Ham Wolverhampton,2023-12-17,14:00,Matchweek 17,Sun,West Ham,Wolverhampton,3,0,1.1,0.7,45.0,4-2-3-1,55.0,3-4-3,13.0,4.0,19.8,2.0,0,0,14.0,3.0,20.5,0.0,0,0,62455.0,Kurt Zouma,Max Kilman,Chris Kavanagh
160,2023-12-23 12:30 West Ham Manchester United,2023-12-23,12:30,Matchweek 18,Sat,West Ham,Manchester United,2,0,1.2,1.0,35.0,4-2-3-1,65.0,4-2-3-1,12.0,5.0,13.8,0.0,0,0,11.0,3.0,18.1,0.0,0,0,64472.0,Kurt Zouma,Bruno Fernandes,Simon Hooper
161,2024-01-02 19:30 West Ham Brighton,2024-01-02,19:30,Matchweek 20,Tue,West Ham,Brighton,0,0,0.7,2.3,32.0,4-2-3-1,68.0,4-3-1-2,6.0,2.0,16.0,0.0,0,0,22.0,8.0,14.4,0.0,0,0,62462.0,Angelo Ogbonna,Pascal Groß,Samuel Barrott
162,2024-02-01 19:30 West Ham Bournemouth,2024-02-01,19:30,Matchweek 22,Thu,West Ham,Bournemouth,1,1,1.4,1.2,48.0,4-3-2-1,52.0,4-2-3-1,8.0,2.0,17.1,0.0,1,1,9.0,4.0,17.2,0.0,0,0,62478.0,Kurt Zouma,Neto,Tim Robinson
163,2024-02-11 14:00 West Ham Arsenal,2024-02-11,14:00,Matchweek 24,Sun,West Ham,Arsenal,0,6,0.2,3.6,30.0,4-2-3-1,70.0,4-3-3,5.0,1.0,19.9,0.0,0,0,24.0,11.0,16.0,0.0,1,1,62475.0,Kurt Zouma,Martin Ødegaard,Craig Pawson
164,2024-02-26 20:00 West Ham Brentford,2024-02-26,20:00,Matchweek 26,Mon,West Ham,Brentford,4,2,1.7,0.9,41.0,4-2-3-1,59.0,3-5-2,17.0,6.0,17.7,0.0,0,0,14.0,7.0,16.7,0.0,0,0,62450.0,Kurt Zouma,Christian Nørgaard,Simon Hooper
165,2024-03-10 14:00 West Ham Burnley,2024-03-10,14:00,Matchweek 28,Sun,West Ham,Burnley,2,2,2.1,0.7,52.0,4-2-3-1,48.0,4-4-2,22.0,4.0,14.8,0.0,0,0,11.0,4.0,24.8,1.0,0,0,62441.0,Tomáš Souček,Josh Cullen,Darren England
166,2024-03-17 14:00 West Ham Aston Villa,2024-03-17,14:00,Matchweek 29,Sun,West Ham,Aston Villa,1,1,2.0,0.7,31.0,4-2-3-1,69.0,4-4-2,13.0,4.0,15.9,1.0,0,0,13.0,5.0,20.6,0.0,0,0,62461.0,Kurt Zouma,Emiliano Martínez,Jarred Gillett
167,2024-04-02 20:15 West Ham Tottenham,2024-04-02,20:15,Matchweek 31,Tue,West Ham,Tottenham,1,1,1.5,1.0,33.0,4-5-1,67.0,4-2-3-1,11.0,4.0,16.6,1.0,0,0,13.0,4.0,17.4,0.0,0,0,62469.0,Kurt Zouma,Son Heung-min,John Brooks
168,2024-04-14 14:00 West Ham Fulham,2024-04-14,14:00,Matchweek 33,Sun,West Ham,Fulham,0,2,0.9,3.2,58.0,4-2-3-1,42.0,4-2-3-1,15.0,4.0,16.2,0.0,0,0,18.0,10.0,15.1,0.0,0,0,62459.0,Łukasz Fabiański,Bernd Leno,Stuart Attwell
169,2024-04-27 12:30 West Ham Liverpool,2024-04-27,12:30,Matchweek 35,Sat,West Ham,Liverpool,2,2,0.7,1.7,29.0,4-2-3-1,71.0,4-3-3,11.0,8.0,17.0,0.0,0,0,28.0,8.0,16.6,1.0,0,0,62474.0,Kurt Zouma,Virgil van Dijk,Anthony Taylor
170,2024-05-11 15:00 West Ham Luton Town,2024-05-11,15:00,Matchweek 37,Sat,West Ham,Luton Town,3,1,3.2,0.3,58.0,4-2-3-1,42.0,3-4-3,24.0,8.0,16.5,1.0,0,0,4.0,1.0,12.5,0.0,0,0,62475.0,Kurt Zouma,Carlton Morris,Michael Oliver
171,2023-08-21 20:00 Crystal Palace Arsenal,2023-08-21,20:00,Matchweek 2,Mon,Crystal Palace,Arsenal,0,1,1.0,2.0,47.0,4-2-3-1,53.0,4-3-3,14.0,2.0,16.4,1.0,0,0,13.0,2.0,16.4,0.0,1,1,24189.0,Joel Ward,Martin Ødegaard,David Coote
172,2023-09-03 14:00 Crystal Palace Wolverhampton,2023-09-03,14:00,Matchweek 4,Sun,Crystal Palace,Wolverhampton,3,2,2.1,1.2,43.0,4-3-3,57.0,4-4-2,16.0,10.0,13.8,1.0,0,0,12.0,4.0,16.2,0.0,0,0,24741.0,Joel Ward,Max Kilman,Robert Jones
173,2023-09-23 15:00 Crystal Palace Fulham,2023-09-23,15:00,Matchweek 6,Sat,Crystal Palace,Fulham,0,0,0.3,0.6,51.0,4-2-3-1,49.0,4-3-3,7.0,3.0,18.9,1.0,0,0,10.0,5.0,18.7,1.0,0,0,25072.0,Joel Ward,Tim Ream,Paul Tierney
174,2023-10-07 17:30 Crystal Palace Nottingham Forest,2023-10-07,17:30,Matchweek 8,Sat,Crystal Palace,Nottingham Forest,0,0,0.8,1.0,52.0,4-3-3,48.0,4-3-3,8.0,2.0,15.2,0.0,0,0,16.0,5.0,18.4,0.0,0,0,25017.0,Marc Guéhi,Serge Aurier,Craig Pawson
175,2023-10-27 20:00 Crystal Palace Tottenham,2023-10-27,20:00,Matchweek 10,Fri,Crystal Palace,Tottenham,1,2,0.6,1.1,25.0,4-2-3-1,75.0,4-2-3-1,13.0,3.0,17.2,0.0,0,0,10.0,1.0,19.5,1.0,0,0,25074.0,Joel Ward,Son Heung-min,Andy Madley
176,2023-11-11 15:00 Crystal Palace Everton,2023-11-11,15:00,Matchweek 12,Sat,Crystal Palace,Everton,2,3,2.2,1.5,67.0,4-2-3-1,33.0,4-4-1-1,12.0,3.0,17.9,0.0,1,1,8.0,4.0,14.5,0.0,0,0,25103.0,Joel Ward,James Tarkowski,Samuel Barrott
177,2023-12-06 19:30 Crystal Palace Bournemouth,2023-12-06,19:30,Matchweek 15,Wed,Crystal Palace,Bournemouth,0,2,1.0,1.8,59.0,4-2-3-1,41.0,4-2-3-1,16.0,3.0,18.9,1.0,0,0,11.0,4.0,11.5,0.0,0,0,25078.0,Joel Ward,Neto,Craig Pawson
178,2023-12-09 12:30 Crystal Palace Liverpool,2023-12-09,12:30,Matchweek 16,Sat,Crystal Palace,Liverpool,1,2,1.7,1.2,24.0,4-3-3,76.0,4-3-3,7.0,3.0,17.4,0.0,1,1,14.0,2.0,17.4,0.0,0,0,25103.0,Joel Ward,Virgil van Dijk,Andy Madley
179,2023-12-21 20:00 Crystal Palace Brighton,2023-12-21,20:00,Matchweek 18,Thu,Crystal Palace,Brighton,1,1,1.3,1.2,35.0,4-3-3,65.0,4-2-3-1,11.0,3.0,13.4,0.0,0,0,18.0,6.0,17.6,0.0,0,0,24171.0,Marc Guéhi,Lewis Dunk,John Brooks
180,2023-12-30 15:00 Crystal Palace Brentford,2023-12-30,15:00,Matchweek 20,Sat,Crystal Palace,Brentford,3,1,1.0,1.4,46.0,4-3-3,54.0,3-5-2,13.0,6.0,16.2,0.0,0,0,9.0,4.0,16.0,0.0,0,0,25472.0,Marc Guéhi,Christian Nørgaard,Robert Jones
181,2024-01-30 20:00 Crystal Palace Sheffield,2024-01-30,20:00,Matchweek 22,Tue,Crystal Palace,Sheffield,3,2,1.1,0.8,53.0,4-3-3,47.0,4-1-4-1,12.0,4.0,17.1,0.0,0,0,9.0,5.0,16.5,0.0,0,0,24781.0,Marc Guéhi,Anel Ahmedhodžić,Tony Harrington
182,2024-02-12 20:00 Crystal Palace Chelsea,2024-02-12,20:00,Matchweek 24,Mon,Crystal Palace,Chelsea,1,3,0.6,1.4,23.0,4-1-4-1,77.0,4-2-3-1,13.0,4.0,18.7,0.0,0,0,14.0,5.0,15.3,0.0,0,0,25110.0,Joachim Andersen,Ben Chilwell,Michael Oliver
183,2024-02-24 15:00 Crystal Palace Burnley,2024-02-24,15:00,Matchweek 26,Sat,Crystal Palace,Burnley,3,0,2.4,0.1,56.0,3-4-3,44.0,4-4-2,14.0,5.0,15.3,1.0,1,1,2.0,0.0,12.0,0.0,0,0,24042.0,Joel Ward,Josh Brownhill,Lewis Smith
184,2024-03-09 15:00 Crystal Palace Luton Town,2024-03-09,15:00,Matchweek 28,Sat,Crystal Palace,Luton Town,1,1,2.7,0.8,49.0,3-4-3,51.0,3-4-3,21.0,4.0,16.5,0.0,0,0,8.0,2.0,11.9,0.0,0,0,25103.0,Joel Ward,Carlton Morris,Sunny Singh
185,2024-04-06 12:30 Crystal Palace Manchester City,2024-04-06,12:30,Matchweek 32,Sat,Crystal Palace,Manchester City,2,4,1.1,1.9,25.0,3-4-3,75.0,3-2-4-1,7.0,4.0,16.8,0.0,0,0,18.0,8.0,16.1,0.0,0,0,25132.0,Joel Ward,Kevin De Bruyne,Paul Tierney
186,2024-04-21 15:00 Crystal Palace West Ham,2024-04-21,15:00,Matchweek 34,Sun,Crystal Palace,West Ham,5,2,2.4,1.3,60.0,3-4-3,40.0,4-2-3-1,18.0,7.0,16.6,1.0,0,0,4.0,1.0,10.8,0.0,0,0,25145.0,Joachim Andersen,Kurt Zouma,Graham Scott
187,2024-04-24 20:00 Crystal Palace Newcastle United,2024-04-24,20:00,Matchweek 29,Wed,Crystal Palace,Newcastle United,2,0,0.9,0.4,47.0,3-4-3,53.0,3-4-3,20.0,7.0,21.2,3.0,0,0,7.0,2.0,14.2,0.0,0,0,25002.0,Joachim Andersen,Dan Burn,Thomas Bramall
188,2024-05-06 20:00 Crystal Palace Manchester United,2024-05-06,20:00,Matchweek 36,Mon,Crystal Palace,Manchester United,4,0,1.7,0.4,43.0,3-4-3,57.0,4-2-3-1,18.0,10.0,16.8,0.0,0,0,7.0,2.0,16.7,1.0,0,0,25190.0,Joachim Andersen,Casemiro,Jarred Gillett
189,2024-05-19 16:00 Crystal Palace Aston Villa,2024-05-19,16:00,Matchweek 38,Sun,Crystal Palace,Aston Villa,5,0,2.5,0.9,54.0,3-4-3,46.0,4-4-2,15.0,9.0,16.8,0.0,0,0,8.0,2.0,13.8,0.0,0,0,25191.0,Marc Guéhi,John McGinn,Darren Bond
190,2023-08-12 15:00 Brighton Luton Town,2023-08-12,15:00,Matchweek 1,Sat,Brighton,Luton Town,4,1,4.0,1.5,70.0,4-2-3-1,30.0,3-5-2,26.0,11.0,17.0,0.0,1,1,8.0,2.0,16.6,0.0,1,1,31872.0,Lewis Dunk,Tom Lockyer,David Coote
191,2023-08-26 17:30 Brighton West Ham,2023-08-26,17:30,Matchweek 3,Sat,Brighton,West Ham,1,3,1.5,3.0,78.0,4-2-3-1,22.0,4-1-4-1,25.0,10.0,19.5,1.0,0,0,12.0,7.0,12.3,0.0,0,0,31508.0,Lewis Dunk,Kurt Zouma,Anthony Taylor
192,2023-09-02 17:30 Brighton Newcastle United,2023-09-02,17:30,Matchweek 4,Sat,Brighton,Newcastle United,3,1,1.3,1.2,56.0,4-2-3-1,44.0,4-3-3,15.0,6.0,17.3,0.0,0,0,9.0,2.0,14.6,0.0,0,0,31620.0,Lewis Dunk,Kieran Trippier,Stuart Attwell
193,2023-09-24 14:00 Brighton Bournemouth,2023-09-24,14:00,Matchweek 6,Sun,Brighton,Bournemouth,3,1,1.9,1.1,61.0,4-2-3-1,39.0,4-2-3-1,13.0,4.0,17.1,0.0,0,0,12.0,3.0,17.6,1.0,0,0,31617.0,Lewis Dunk,Neto,John Brooks
194,2023-10-08 14:00 Brighton Liverpool,2023-10-08,14:00,Matchweek 8,Sun,Brighton,Liverpool,2,2,2.3,2.3,46.0,4-2-3-1,54.0,4-3-3,14.0,3.0,16.9,2.0,0,0,13.0,3.0,18.8,0.0,1,1,31752.0,Lewis Dunk,Virgil van Dijk,Anthony Taylor
195,2023-10-29 14:00 Brighton Fulham,2023-10-29,14:00,Matchweek 10,Sun,Brighton,Fulham,1,1,1.4,0.7,71.0,3-4-3,29.0,4-2-3-1,18.0,6.0,18.1,1.0,0,0,10.0,5.0,19.3,0.0,0,0,31550.0,Lewis Dunk,Tim Ream,Michael Salisbury
196,2023-11-12 14:00 Brighton Sheffield,2023-11-12,14:00,Matchweek 12,Sun,Brighton,Sheffield,1,1,1.5,1.1,61.0,4-2-3-1,39.0,3-4-3,11.0,6.0,16.5,0.0,0,0,9.0,1.0,19.3,0.0,0,0,31367.0,Pascal Groß,Oliver Norwood,John Brooks
197,2023-12-06 19:30 Brighton Brentford,2023-12-06,19:30,Matchweek 15,Wed,Brighton,Brentford,2,1,1.5,1.5,61.0,4-2-3-1,39.0,4-4-2,18.0,7.0,16.1,0.0,0,0,7.0,0.0,17.6,0.0,1,1,31571.0,Pascal Groß,Vitaly Janelt,Peter Bankes
198,2023-12-09 15:00 Brighton Burnley,2023-12-09,15:00,Matchweek 16,Sat,Brighton,Burnley,1,1,2.6,0.6,72.0,4-2-3-1,28.0,4-4-2,29.0,11.0,14.2,2.0,0,0,6.0,3.0,12.9,0.0,0,0,31511.0,Lewis Dunk,Josh Brownhill,Simon Hooper
199,2023-12-28 19:30 Brighton Tottenham,2023-12-28,19:30,Matchweek 19,Thu,Brighton,Tottenham,4,2,3.2,2.3,45.0,4-1-2-1-2◆,55.0,4-2-3-1,13.0,7.0,15.2,0.0,2,2,19.0,3.0,15.2,1.0,0,0,31675.0,Lewis Dunk,Son Heung-min,Jarred Gillett
200,2024-01-22 19:45 Brighton Wolverhampton,2024-01-22,19:45,Matchweek 21,Mon,Brighton,Wolverhampton,0,0,1.0,1.1,72.0,4-3-3,28.0,3-4-3,11.0,3.0,14.2,0.0,0,0,8.0,3.0,18.6,0.0,0,0,41505.0,Lewis Dunk,Max Kilman,Craig Pawson
201,2024-02-03 15:00 Brighton Crystal Palace,2024-02-03,15:00,Matchweek 23,Sat,Brighton,Crystal Palace,4,1,1.4,0.3,68.0,3-4-3,32.0,4-3-3,13.0,6.0,16.7,0.0,0,0,7.0,5.0,20.6,0.0,0,0,31345.0,Lewis Dunk,Marc Guéhi,Simon Hooper
202,2024-02-24 15:00 Brighton Everton,2024-02-24,15:00,Matchweek 26,Sat,Brighton,Everton,1,1,1.4,0.3,64.0,4-2-3-1,36.0,4-4-1-1,23.0,7.0,16.3,1.0,0,0,6.0,2.0,16.0,0.0,0,0,41646.0,Lewis Dunk,James Tarkowski,Tony Harrington
203,2024-03-10 14:00 Brighton Nottingham Forest,2024-03-10,14:00,Matchweek 28,Sun,Brighton,Nottingham Forest,1,0,0.4,0.7,63.0,4-2-3-1,37.0,4-3-3,10.0,3.0,17.5,0.0,0,0,9.0,4.0,19.3,2.0,0,0,31505.0,Lewis Dunk,Ryan Yates,Michael Salisbury
204,2024-04-06 17:30 Brighton Arsenal,2024-04-06,17:30,Matchweek 32,Sat,Brighton,Arsenal,0,3,0.5,3.4,54.0,4-2-3-1,46.0,4-3-3,10.0,2.0,19.2,0.0,0,0,19.0,6.0,12.4,0.0,1,1,31677.0,Lewis Dunk,Martin Ødegaard,John Brooks
205,2024-04-25 20:00 Brighton Manchester City,2024-04-25,20:00,Matchweek 29,Thu,Brighton,Manchester City,0,4,0.6,1.4,36.0,4-2-3-1,64.0,4-1-4-1,7.0,3.0,16.0,0.0,0,0,14.0,6.0,17.0,1.0,0,0,31596.0,Lewis Dunk,Kyle Walker,Jarred Gillett
206,2024-05-05 14:00 Brighton Aston Villa,2024-05-05,14:00,Matchweek 36,Sun,Brighton,Aston Villa,1,0,2.5,0.1,52.0,4-2-3-1,48.0,4-2-3-1,14.0,7.0,16.3,0.0,0,1,2.0,1.0,23.2,0.0,0,0,31596.0,Lewis Dunk,John McGinn,Robert Jones
207,2024-05-15 19:45 Brighton Chelsea,2024-05-15,19:45,Matchweek 34,Wed,Brighton,Chelsea,1,2,1.3,1.5,55.0,4-2-3-1,45.0,4-2-3-1,12.0,2.0,15.3,0.0,0,0,14.0,6.0,20.3,2.0,0,0,31555.0,Lewis Dunk,Conor Gallagher,Michael Salisbury
208,2024-05-19 16:00 Brighton Manchester United,2024-05-19,16:00,Matchweek 38,Sun,Brighton,Manchester United,0,2,1.7,1.3,55.0,4-2-3-1,45.0,4-2-2-2,17.0,2.0,14.2,0.0,0,0,11.0,4.0,17.0,0.0,0,0,31662.0,Adam Lallana,Bruno Fernandes,Craig Pawson
209,2023-08-12 15:00 Bournemouth West Ham,2023-08-12,15:00,Matchweek 1,Sat,Bournemouth,West Ham,1,1,1.3,1.1,62.0,4-2-3-1,38.0,4-2-3-1,14.0,5.0,20.7,1.0,0,0,16.0,2.0,16.1,0.0,0,0,11245.0,Neto,Kurt Zouma,Peter Bankes
210,2023-08-26 12:30 Bournemouth Tottenham,2023-08-26,12:30,Matchweek 3,Sat,Bournemouth,Tottenham,0,2,0.7,2.1,44.0,4-2-3-1,56.0,4-2-3-1,11.0,3.0,17.8,0.0,0,0,17.0,6.0,16.6,1.0,0,0,10567.0,Neto,Son Heung-min,Tim Robinson
211,2023-09-17 14:00 Bournemouth Chelsea,2023-09-17,14:00,Matchweek 5,Sun,Bournemouth,Chelsea,0,0,1.0,1.8,36.0,4-2-3-1,64.0,4-2-3-1,13.0,4.0,16.7,1.0,0,0,14.0,6.0,15.0,1.0,0,0,10421.0,Neto,Conor Gallagher,David Coote
212,2023-09-30 15:00 Bournemouth Arsenal,2023-09-30,15:00,Matchweek 7,Sat,Bournemouth,Arsenal,0,4,0.6,3.4,43.0,4-2-3-1,57.0,4-3-3,8.0,1.0,14.1,0.0,0,0,13.0,6.0,15.5,0.0,2,2,11193.0,Neto,Martin Ødegaard,Michael Salisbury
213,2023-10-21 15:00 Bournemouth Wolverhampton,2023-10-21,15:00,Matchweek 9,Sat,Bournemouth,Wolverhampton,1,2,0.6,2.4,35.0,4-2-3-1,65.0,3-4-3,7.0,4.0,17.1,0.0,0,0,21.0,7.0,16.2,0.0,0,0,11175.0,Neto,Max Kilman,Paul Tierney
214,2023-10-28 15:00 Bournemouth Burnley,2023-10-28,15:00,Matchweek 10,Sat,Bournemouth,Burnley,2,1,1.1,0.8,45.0,4-2-3-1,55.0,4-3-3,13.0,6.0,19.5,2.0,0,0,6.0,3.0,18.0,0.0,0,0,11152.0,Lloyd Kelly,Josh Brownhill,Samuel Barrott
215,2023-11-11 17:30 Bournemouth Newcastle United,2023-11-11,17:30,Matchweek 12,Sat,Bournemouth,Newcastle United,2,0,2.4,0.5,48.0,4-2-3-1,52.0,4-3-3,19.0,10.0,14.9,0.0,0,0,8.0,5.0,19.5,0.0,0,0,11201.0,Neto,Jamaal Lascelles,Chris Kavanagh
216,2023-12-03 14:00 Bournemouth Aston Villa,2023-12-03,14:00,Matchweek 14,Sun,Bournemouth,Aston Villa,2,2,2.0,0.7,38.0,4-2-3-1,62.0,4-4-2,15.0,7.0,13.6,0.0,0,0,11.0,3.0,19.2,1.0,0,0,11191.0,Neto,John McGinn,Thomas Bramall
217,2023-12-26 15:00 Bournemouth Fulham,2023-12-26,15:00,Matchweek 19,Tue,Bournemouth,Fulham,3,0,1.8,0.3,43.0,4-2-3-1,57.0,4-2-3-1,15.0,3.0,18.5,0.0,1,1,8.0,3.0,21.6,1.0,0,0,11099.0,Neto,Tom Cairney,Tim Robinson
218,2024-01-21 16:30 Bournemouth Liverpool,2024-01-21,16:30,Matchweek 21,Sun,Bournemouth,Liverpool,0,4,1.4,1.5,40.0,4-2-3-1,60.0,4-3-3,11.0,1.0,19.8,0.0,0,0,14.0,7.0,19.2,0.0,0,0,11228.0,Neto,Virgil van Dijk,Andy Madley
219,2024-02-04 14:00 Bournemouth Nottingham Forest,2024-02-04,14:00,Matchweek 23,Sun,Bournemouth,Nottingham Forest,1,1,1.3,0.5,45.0,4-2-3-1,55.0,4-2-3-1,9.0,1.0,16.7,1.0,0,0,8.0,6.0,19.9,0.0,0,0,11200.0,Neto,Ryan Yates,Rebecca Welch
220,2024-02-24 17:30 Bournemouth Manchester City,2024-02-24,17:30,Matchweek 26,Sat,Bournemouth,Manchester City,0,1,0.9,1.6,38.0,4-2-3-1,62.0,3-2-4-1,13.0,4.0,17.1,0.0,0,0,15.0,6.0,15.5,1.0,0,0,11184.0,Neto,Rúben Dias,Jarred Gillett
221,2024-03-09 15:00 Bournemouth Sheffield,2024-03-09,15:00,Matchweek 28,Sat,Bournemouth,Sheffield,2,2,3.3,1.2,69.0,4-2-3-1,31.0,3-5-2,31.0,11.0,16.9,0.0,0,1,13.0,9.0,14.3,0.0,0,0,11074.0,Neto,Jack Robinson,Anthony Taylor
222,2024-03-13 19:30 Bournemouth Luton Town,2024-03-13,19:30,Matchweek 17,Wed,Bournemouth,Luton Town,4,3,2.3,2.0,59.0,4-2-3-1,41.0,3-4-3,24.0,9.0,15.5,0.0,0,0,8.0,4.0,8.4,0.0,0,0,11198.0,Neto,Carlton Morris,Samuel Allison
223,2024-03-30 15:00 Bournemouth Everton,2024-03-30,15:00,Matchweek 30,Sat,Bournemouth,Everton,2,1,1.3,1.0,48.0,4-2-3-1,52.0,4-4-1-1,11.0,4.0,15.6,1.0,0,0,7.0,3.0,16.0,0.0,0,0,11207.0,Neto,Séamus Coleman,Samuel Barrott
224,2024-04-02 19:45 Bournemouth Crystal Palace,2024-04-02,19:45,Matchweek 31,Tue,Bournemouth,Crystal Palace,1,0,1.1,0.2,50.0,4-3-3,50.0,3-4-3,11.0,6.0,18.7,2.0,0,0,3.0,2.0,15.0,0.0,0,0,11058.0,Neto,Joel Ward,Graham Scott
225,2024-04-13 17:30 Bournemouth Manchester United,2024-04-13,17:30,Matchweek 33,Sat,Bournemouth,Manchester United,2,2,1.6,1.2,43.0,4-2-3-1,57.0,4-2-3-1,20.0,5.0,16.8,1.0,0,0,7.0,1.0,20.6,0.0,1,1,11229.0,Neto,Bruno Fernandes,Tony Harrington
226,2024-04-28 14:00 Bournemouth Brighton,2024-04-28,14:00,Matchweek 35,Sun,Bournemouth,Brighton,3,0,1.9,0.9,31.0,4-4-2,69.0,4-2-3-1,15.0,6.0,14.4,1.0,0,0,13.0,1.0,16.5,0.0,0,0,11188.0,Adam Smith,Lewis Dunk,Paul Tierney
227,2024-05-11 15:00 Bournemouth Brentford,2024-05-11,15:00,Matchweek 37,Sat,Bournemouth,Brentford,1,2,0.7,1.1,48.0,4-2-3-1,52.0,4-3-3,13.0,4.0,17.1,0.0,0,0,11.0,4.0,15.7,0.0,0,0,11154.0,Adam Smith,Christian Nørgaard,Matt Donohue
228,2023-08-19 15:00 Fulham Brentford,2023-08-19,15:00,Matchweek 2,Sat,Fulham,Brentford,0,3,0.5,3.7,55.0,4-3-3,45.0,4-3-3,10.0,2.0,22.3,1.0,0,0,16.0,7.0,13.8,1.0,1,1,24236.0,Tim Ream,Christian Nørgaard,Darren Bond
229,2023-09-16 15:00 Fulham Luton Town,2023-09-16,15:00,Matchweek 5,Sat,Fulham,Luton Town,1,0,1.0,1.1,77.0,4-3-3,23.0,5-3-2,13.0,2.0,19.5,2.0,0,0,7.0,2.0,10.0,0.0,0,0,24467.0,Tim Ream,Tom Lockyer,Michael Salisbury
230,2023-10-02 20:00 Fulham Chelsea,2023-10-02,20:00,Matchweek 7,Mon,Fulham,Chelsea,0,2,1.1,1.7,56.0,4-3-3,44.0,4-3-3,10.0,3.0,13.2,0.0,0,0,11.0,4.0,19.8,1.0,0,0,24445.0,Tim Ream,Conor Gallagher,Tim Robinson
231,2023-10-07 15:00 Fulham Sheffield,2023-10-07,15:00,Matchweek 8,Sat,Fulham,Sheffield,3,1,2.2,0.6,60.0,4-3-3,40.0,3-5-2,20.0,6.0,20.2,0.0,0,0,5.0,2.0,16.6,0.0,0,0,24361.0,Tim Ream,Chris Basham,Samuel Barrott
232,2023-11-04 12:30 Fulham Manchester United,2023-11-04,12:30,Matchweek 11,Sat,Fulham,Manchester United,0,1,1.0,0.7,45.0,4-2-3-1,55.0,4-2-3-1,18.0,2.0,18.6,1.0,0,0,12.0,5.0,18.3,1.0,0,0,24415.0,Tim Ream,Bruno Fernandes,John Brooks
233,2023-11-27 20:00 Fulham Wolverhampton,2023-11-27,20:00,Matchweek 13,Mon,Fulham,Wolverhampton,3,2,2.9,1.4,60.0,4-2-3-1,40.0,3-5-2,10.0,4.0,22.9,0.0,2,2,9.0,5.0,16.6,0.0,1,1,24366.0,Tom Cairney,Max Kilman,Michael Salisbury
234,2023-12-06 19:30 Fulham Nottingham Forest,2023-12-06,19:30,Matchweek 15,Wed,Fulham,Nottingham Forest,5,0,2.5,0.3,63.0,4-2-3-1,37.0,4-2-3-1,14.0,6.0,17.3,1.0,0,0,4.0,1.0,15.3,0.0,0,0,24105.0,Tom Cairney,Felipe,Joshua Smith
235,2023-12-10 14:00 Fulham West Ham,2023-12-10,14:00,Matchweek 16,Sun,Fulham,West Ham,5,0,2.3,1.3,63.0,4-2-3-1,37.0,4-4-1-1,14.0,8.0,17.7,0.0,0,0,9.0,5.0,19.2,1.0,0,0,23988.0,Tom Cairney,Kurt Zouma,Paul Tierney
236,2023-12-23 15:00 Fulham Burnley,2023-12-23,15:00,Matchweek 18,Sat,Fulham,Burnley,0,2,1.3,0.4,66.0,4-2-3-1,34.0,4-4-2,19.0,5.0,16.3,1.0,0,0,7.0,2.0,19.5,0.0,0,0,23598.0,Tom Cairney,Josh Brownhill,Rebecca Welch
237,2023-12-31 14:00 Fulham Arsenal,2023-12-31,14:00,Matchweek 20,Sun,Fulham,Arsenal,2,1,1.2,1.6,40.0,4-2-3-1,60.0,4-3-3,15.0,4.0,18.2,1.0,0,0,13.0,3.0,15.4,1.0,0,0,24444.0,Tom Cairney,Martin Ødegaard,Joshua Smith
238,2024-01-30 19:45 Fulham Everton,2024-01-30,19:45,Matchweek 22,Tue,Fulham,Everton,0,0,1.6,1.9,70.0,4-2-3-1,30.0,4-4-1-1,25.0,5.0,17.3,0.0,0,0,21.0,2.0,14.4,2.0,0,0,24376.0,Tom Cairney,James Tarkowski,Thomas Bramall
239,2024-02-10 15:00 Fulham Bournemouth,2024-02-10,15:00,Matchweek 24,Sat,Fulham,Bournemouth,3,1,1.6,1.8,49.0,4-2-3-1,51.0,4-2-3-1,7.0,6.0,11.4,0.0,0,0,25.0,4.0,16.7,1.0,0,0,24271.0,Tom Cairney,Neto,Darren England
240,2024-02-17 15:00 Fulham Aston Villa,2024-02-17,15:00,Matchweek 25,Sat,Fulham,Aston Villa,1,2,1.5,1.5,52.0,4-2-3-1,48.0,4-2-3-1,15.0,4.0,14.7,0.0,0,0,12.0,3.0,16.8,1.0,0,0,24401.0,Tom Cairney,John McGinn,Lewis Smith
241,2024-03-02 15:00 Fulham Brighton,2024-03-02,15:00,Matchweek 27,Sat,Fulham,Brighton,3,0,1.3,1.3,30.0,4-2-3-1,70.0,3-4-3,12.0,5.0,14.6,0.0,0,0,15.0,5.0,17.6,0.0,0,0,24460.0,Harrison Reed,Lewis Dunk,Simon Hooper
242,2024-03-16 17:30 Fulham Tottenham,2024-03-16,17:30,Matchweek 29,Sat,Fulham,Tottenham,3,0,2.6,2.4,43.0,4-2-3-1,57.0,4-2-3-1,16.0,7.0,12.7,0.0,0,0,14.0,5.0,14.0,0.0,0,0,24410.0,Bernd Leno,Son Heung-min,Robert Jones
243,2024-04-06 15:00 Fulham Newcastle United,2024-04-06,15:00,Matchweek 32,Sat,Fulham,Newcastle United,0,1,1.2,1.0,66.0,4-2-3-1,34.0,4-3-3,14.0,4.0,17.6,0.0,0,0,12.0,5.0,16.8,0.0,0,0,24418.0,Tom Cairney,Dan Burn,Samuel Allison
244,2024-04-21 16:30 Fulham Liverpool,2024-04-21,16:30,Matchweek 34,Sun,Fulham,Liverpool,1,3,0.8,1.0,40.0,4-2-3-1,60.0,4-3-3,12.0,5.0,17.1,1.0,0,0,14.0,7.0,18.8,2.0,0,0,24414.0,Bobby Reid,Virgil van Dijk,Craig Pawson
245,2024-04-27 15:00 Fulham Crystal Palace,2024-04-27,15:00,Matchweek 35,Sat,Fulham,Crystal Palace,1,1,1.1,1.0,53.0,4-2-3-1,47.0,3-4-3,9.0,2.0,14.9,0.0,0,0,14.0,4.0,19.7,0.0,0,0,24142.0,Harrison Reed,Joachim Andersen,Stuart Attwell
246,2024-05-11 12:30 Fulham Manchester City,2024-05-11,12:30,Matchweek 37,Sat,Fulham,Manchester City,0,4,0.1,3.2,36.0,4-2-3-1,64.0,4-2-3-1,1.0,1.0,9.6,0.0,0,0,15.0,8.0,17.6,0.0,1,1,24418.0,Bobby Reid,Kevin De Bruyne,Anthony Taylor
247,2023-08-19 15:00 Wolverhampton Brighton,2023-08-19,15:00,Matchweek 2,Sat,Wolverhampton,Brighton,1,4,2.1,2.2,47.0,4-4-1-1,53.0,4-2-3-1,16.0,5.0,16.1,0.0,0,0,16.0,8.0,15.6,0.0,0,0,31317.0,Max Kilman,Lewis Dunk,Andy Madley
248,2023-09-16 12:30 Wolverhampton Liverpool,2023-09-16,12:30,Matchweek 5,Sat,Wolverhampton,Liverpool,1,3,0.6,2.5,35.0,4-2-3-1,65.0,4-3-3,11.0,2.0,18.7,0.0,0,0,16.0,5.0,15.8,0.0,0,0,31257.0,Max Kilman,Andrew Robertson,Michael Oliver
249,2023-09-30 15:00 Wolverhampton Manchester City,2023-09-30,15:00,Matchweek 7,Sat,Wolverhampton,Manchester City,2,1,0.4,0.9,32.0,3-4-3,68.0,4-2-3-1,3.0,1.0,11.4,0.0,0,0,23.0,8.0,19.3,1.0,0,0,31415.0,Max Kilman,Kyle Walker,Craig Pawson
250,2023-10-08 14:00 Wolverhampton Aston Villa,2023-10-08,14:00,Matchweek 8,Sun,Wolverhampton,Aston Villa,1,1,1.7,1.6,47.0,3-4-3,53.0,4-4-2,8.0,3.0,16.0,0.0,0,0,18.0,4.0,16.6,0.0,0,0,31425.0,Max Kilman,John McGinn,Robert Jones
251,2023-10-28 17:30 Wolverhampton Newcastle United,2023-10-28,17:30,Matchweek 10,Sat,Wolverhampton,Newcastle United,2,2,0.9,2.2,43.0,4-4-2,57.0,4-3-3,11.0,6.0,17.2,1.0,0,0,12.0,3.0,14.2,0.0,1,1,31584.0,Max Kilman,Jamaal Lascelles,Anthony Taylor
252,2023-11-11 12:30 Wolverhampton Tottenham,2023-11-11,12:30,Matchweek 12,Sat,Wolverhampton,Tottenham,2,1,2.1,0.7,42.0,3-5-2,58.0,4-3-3,17.0,4.0,18.5,0.0,0,0,6.0,2.0,17.5,0.0,0,0,31642.0,Max Kilman,Son Heung-min,Tim Robinson
253,2023-12-05 19:30 Wolverhampton Burnley,2023-12-05,19:30,Matchweek 15,Tue,Wolverhampton,Burnley,1,0,0.8,0.9,51.0,3-4-3,49.0,4-4-2,7.0,4.0,15.8,1.0,0,0,12.0,3.0,21.9,2.0,0,0,30439.0,Max Kilman,Josh Brownhill,Jarred Gillett
254,2023-12-09 15:00 Wolverhampton Nottingham Forest,2023-12-09,15:00,Matchweek 16,Sat,Wolverhampton,Nottingham Forest,1,1,1.2,1.3,68.0,3-4-3,32.0,3-5-2,10.0,4.0,15.2,0.0,0,0,8.0,2.0,12.7,0.0,0,0,31543.0,Max Kilman,Ryan Yates,Samuel Barrott
255,2023-12-24 13:00 Wolverhampton Chelsea,2023-12-24,13:00,Matchweek 18,Sun,Wolverhampton,Chelsea,2,1,1.3,2.0,32.0,3-4-3,68.0,4-2-3-1,14.0,6.0,16.7,1.0,0,0,16.0,4.0,17.4,1.0,0,0,31641.0,Max Kilman,Conor Gallagher,David Coote
256,2023-12-30 15:00 Wolverhampton Everton,2023-12-30,15:00,Matchweek 20,Sat,Wolverhampton,Everton,3,0,1.9,0.4,53.0,3-4-3,47.0,5-4-1,12.0,6.0,13.4,0.0,0,0,10.0,0.0,20.7,0.0,0,0,31639.0,Max Kilman,James Tarkowski,Thomas Bramall
257,2024-02-01 20:15 Wolverhampton Manchester United,2024-02-01,20:15,Matchweek 22,Thu,Wolverhampton,Manchester United,3,4,2.1,3.3,53.0,3-4-3,47.0,4-2-3-1,15.0,5.0,16.6,1.0,1,1,21.0,8.0,18.2,2.0,0,0,31641.0,Max Kilman,Bruno Fernandes,Jarred Gillett
258,2024-02-10 15:00 Wolverhampton Brentford,2024-02-10,15:00,Matchweek 24,Sat,Wolverhampton,Brentford,0,2,1.0,1.9,71.0,3-4-3,29.0,3-5-2,17.0,5.0,17.2,1.0,0,0,9.0,6.0,14.0,0.0,0,0,30731.0,Max Kilman,Christian Nørgaard,Simon Hooper
259,2024-02-25 13:30 Wolverhampton Sheffield,2024-02-25,13:30,Matchweek 26,Sun,Wolverhampton,Sheffield,1,0,1.3,0.6,63.0,3-4-3,37.0,3-5-2,13.0,2.0,14.6,0.0,0,0,12.0,4.0,16.3,0.0,0,0,30789.0,Max Kilman,Anel Ahmedhodžić,Darren Bond
260,2024-03-09 15:00 Wolverhampton Fulham,2024-03-09,15:00,Matchweek 28,Sat,Wolverhampton,Fulham,2,1,0.8,2.6,48.0,4-2-3-1,52.0,4-2-3-1,8.0,3.0,16.3,0.0,0,0,23.0,6.0,14.1,0.0,0,0,30860.0,Max Kilman,Harrison Reed,Tony Harrington
261,2024-04-06 15:00 Wolverhampton West Ham,2024-04-06,15:00,Matchweek 32,Sat,Wolverhampton,West Ham,1,2,1.5,1.2,58.0,3-4-3,42.0,4-2-3-1,13.0,6.0,25.4,1.0,1,1,10.0,3.0,24.6,2.0,1,1,31504.0,Max Kilman,Kurt Zouma,Tony Harrington
262,2024-04-20 19:30 Wolverhampton Arsenal,2024-04-20,19:30,Matchweek 34,Sat,Wolverhampton,Arsenal,0,2,0.2,1.2,46.0,4-4-2,54.0,4-3-3,5.0,3.0,20.1,0.0,0,0,24.0,9.0,17.8,0.0,0,0,31621.0,Max Kilman,Martin Ødegaard,Paul Tierney
263,2024-04-24 19:45 Wolverhampton Bournemouth,2024-04-24,19:45,Matchweek 29,Wed,Wolverhampton,Bournemouth,0,1,0.5,1.9,63.0,4-1-4-1,37.0,4-2-3-1,15.0,4.0,20.1,0.0,0,0,21.0,6.0,16.7,0.0,0,0,25541.0,Max Kilman,Adam Smith,Stuart Attwell
264,2024-04-27 15:00 Wolverhampton Luton Town,2024-04-27,15:00,Matchweek 35,Sat,Wolverhampton,Luton Town,2,1,1.2,0.6,58.0,3-5-1-1,42.0,3-4-3,13.0,5.0,18.8,0.0,0,0,9.0,6.0,17.4,0.0,0,0,31531.0,Max Kilman,Carlton Morris,David Coote
265,2024-05-11 15:00 Wolverhampton Crystal Palace,2024-05-11,15:00,Matchweek 37,Sat,Wolverhampton,Crystal Palace,1,3,1.6,2.6,62.0,3-5-1-1,38.0,3-4-3,14.0,8.0,14.6,0.0,0,0,13.0,3.0,13.6,0.0,0,0,31424.0,Max Kilman,Joachim Andersen,Thomas Bramall
266,2023-08-12 15:00 Everton Fulham,2023-08-12,15:00,Matchweek 1,Sat,Everton,Fulham,0,1,2.7,1.5,42.0,4-4-1-1,58.0,4-3-3,19.0,9.0,15.8,0.0,0,0,9.0,2.0,13.2,0.0,0,0,39940.0,James Tarkowski,Tom Cairney,Stuart Attwell
267,2023-08-26 15:00 Everton Wolverhampton,2023-08-26,15:00,Matchweek 3,Sat,Everton,Wolverhampton,0,1,1.3,1.1,47.0,4-1-4-1,53.0,4-4-1-1,15.0,7.0,13.8,0.0,0,0,11.0,2.0,17.8,1.0,0,0,38851.0,James Tarkowski,Max Kilman,Craig Pawson
268,2023-09-17 16:30 Everton Arsenal,2023-09-17,16:30,Matchweek 5,Sun,Everton,Arsenal,0,1,0.3,1.0,26.0,4-5-1,74.0,4-3-3,8.0,1.0,21.6,0.0,0,0,13.0,4.0,17.4,0.0,0,0,39217.0,James Tarkowski,Martin Ødegaard,Simon Hooper
269,2023-09-30 15:00 Everton Luton Town,2023-09-30,15:00,Matchweek 7,Sat,Everton,Luton Town,1,2,2.9,0.9,67.0,4-4-1-1,33.0,3-4-3,23.0,4.0,14.4,0.0,0,0,9.0,2.0,13.4,0.0,0,0,39289.0,James Tarkowski,Tom Lockyer,Anthony Taylor
270,2023-10-07 15:00 Everton Bournemouth,2023-10-07,15:00,Matchweek 8,Sat,Everton,Bournemouth,3,0,2.4,0.7,48.0,4-4-1-1,52.0,4-2-3-1,25.0,8.0,15.8,0.0,0,0,11.0,3.0,16.2,0.0,0,0,38815.0,James Tarkowski,Neto,David Coote
271,2023-11-04 15:00 Everton Brighton,2023-11-04,15:00,Matchweek 11,Sat,Everton,Brighton,1,1,0.7,0.5,21.0,4-4-1-1,79.0,4-3-3,10.0,4.0,14.4,1.0,0,0,7.0,2.0,15.6,1.0,0,0,38683.0,James Tarkowski,Lewis Dunk,Tim Robinson
272,2023-11-26 16:30 Everton Manchester United,2023-11-26,16:30,Matchweek 13,Sun,Everton,Manchester United,0,3,2.4,2.2,51.0,4-4-1-1,49.0,4-2-3-1,24.0,6.0,16.9,0.0,0,0,8.0,3.0,17.4,0.0,1,1,39257.0,James Tarkowski,Bruno Fernandes,John Brooks
273,2023-12-07 19:30 Everton Newcastle United,2023-12-07,19:30,Matchweek 15,Thu,Everton,Newcastle United,3,0,3.3,1.5,38.0,4-4-1-1,62.0,4-3-3,21.0,6.0,13.3,0.0,0,0,13.0,3.0,19.3,1.0,0,0,38198.0,Séamus Coleman,Jamaal Lascelles,Tim Robinson
274,2023-12-10 14:00 Everton Chelsea,2023-12-10,14:00,Matchweek 16,Sun,Everton,Chelsea,2,0,1.2,0.9,29.0,4-4-1-1,71.0,4-2-3-1,9.0,5.0,16.4,0.0,0,0,16.0,4.0,18.5,1.0,0,0,39280.0,James Tarkowski,Reece James,Michael Oliver
275,2023-12-27 20:15 Everton Manchester City,2023-12-27,20:15,Matchweek 19,Wed,Everton,Manchester City,1,3,1.0,2.4,28.0,4-2-3-1,72.0,4-2-3-1,7.0,2.0,12.5,0.0,0,0,22.0,8.0,19.5,1.0,1,1,39327.0,James Tarkowski,Kyle Walker,John Brooks
276,2024-01-14 14:00 Everton Aston Villa,2024-01-14,14:00,Matchweek 21,Sun,Everton,Aston Villa,0,0,1.1,1.2,32.0,4-2-3-1,68.0,4-4-2,10.0,2.0,17.2,1.0,0,0,16.0,4.0,14.2,0.0,0,0,39284.0,Séamus Coleman,John McGinn,David Coote
277,2024-02-03 12:30 Everton Tottenham,2024-02-03,12:30,Matchweek 23,Sat,Everton,Tottenham,2,2,2.6,1.0,43.0,4-4-1-1,57.0,4-2-3-1,14.0,4.0,14.3,0.0,0,0,9.0,6.0,17.8,0.0,0,0,39321.0,James Tarkowski,Cristian Romero,Michael Oliver
278,2024-02-19 20:00 Everton Crystal Palace,2024-02-19,20:00,Matchweek 25,Mon,Everton,Crystal Palace,1,1,1.7,0.7,61.0,4-4-1-1,39.0,3-4-3,19.0,4.0,16.4,1.0,0,0,10.0,3.0,13.0,0.0,0,0,38164.0,James Tarkowski,Joel Ward,Paul Tierney
279,2024-03-02 15:00 Everton West Ham,2024-03-02,15:00,Matchweek 27,Sat,Everton,West Ham,1,3,2.7,1.9,55.0,4-4-1-1,45.0,4-2-3-1,21.0,9.0,21.8,0.0,0,1,12.0,5.0,14.2,0.0,0,0,39262.0,James Tarkowski,Kurt Zouma,Craig Pawson
280,2024-04-06 15:00 Everton Burnley,2024-04-06,15:00,Matchweek 32,Sat,Everton,Burnley,1,0,0.9,0.5,38.0,4-4-1-1,62.0,4-4-2,12.0,3.0,20.0,1.0,0,0,6.0,1.0,16.5,1.0,0,0,39125.0,Séamus Coleman,Josh Cullen,Michael Oliver
281,2024-04-21 13:30 Everton Nottingham Forest,2024-04-21,13:30,Matchweek 34,Sun,Everton,Nottingham Forest,2,0,0.3,0.9,41.0,4-1-4-1,59.0,4-2-3-1,7.0,4.0,18.7,0.0,0,0,8.0,3.0,13.7,0.0,0,0,39239.0,James Tarkowski,Morgan Gibbs-White,Anthony Taylor
282,2024-04-24 20:00 Everton Liverpool,2024-04-24,20:00,Matchweek 29,Wed,Everton,Liverpool,2,0,1.2,2.1,25.0,4-4-1-1,75.0,4-3-3,16.0,6.0,14.9,0.0,0,0,23.0,7.0,16.8,0.0,0,0,38222.0,James Tarkowski,Virgil van Dijk,Andy Madley
283,2024-04-27 17:30 Everton Brentford,2024-04-27,17:30,Matchweek 35,Sat,Everton,Brentford,1,0,0.8,0.9,48.0,4-4-1-1,52.0,4-3-3,18.0,1.0,19.1,1.0,0,0,10.0,4.0,16.6,0.0,0,0,39098.0,James Tarkowski,Christian Nørgaard,Darren England
284,2024-05-11 15:00 Everton Sheffield,2024-05-11,15:00,Matchweek 37,Sat,Everton,Sheffield,1,0,2.3,0.6,58.0,4-4-1-1,42.0,3-5-2,15.0,6.0,17.1,0.0,0,0,13.0,1.0,21.0,0.0,0,0,39221.0,Séamus Coleman,Jack Robinson,Stuart Attwell
285,2023-08-13 14:00 Brentford Tottenham,2023-08-13,14:00,Matchweek 1,Sun,Brentford,Tottenham,2,2,2.2,1.3,31.0,5-3-2,69.0,4-2-3-1,10.0,5.0,18.0,0.0,1,1,18.0,6.0,19.6,0.0,0,0,17066.0,Christian Nørgaard,Son Heung-min,Robert Jones
286,2023-08-26 15:00 Brentford Crystal Palace,2023-08-26,15:00,Matchweek 3,Sat,Brentford,Crystal Palace,1,1,1.0,0.8,60.0,4-3-3,40.0,4-2-3-1,12.0,1.0,13.7,0.0,0,0,15.0,5.0,16.9,1.0,0,0,16997.0,Christian Nørgaard,Joel Ward,Peter Bankes
287,2023-09-02 15:00 Brentford Bournemouth,2023-09-02,15:00,Matchweek 4,Sat,Brentford,Bournemouth,2,2,2.9,2.1,60.0,4-3-3,40.0,4-2-3-1,21.0,7.0,14.7,1.0,0,0,12.0,5.0,15.1,0.0,0,0,16973.0,Christian Nørgaard,Neto,Robert Madley
288,2023-09-23 17:30 Brentford Everton,2023-09-23,17:30,Matchweek 6,Sat,Brentford,Everton,1,3,1.0,1.9,57.0,4-3-3,43.0,4-4-1-1,12.0,2.0,13.9,1.0,0,0,18.0,6.0,17.8,0.0,0,0,16981.0,Christian Nørgaard,James Tarkowski,Michael Oliver
289,2023-10-21 15:00 Brentford Burnley,2023-10-21,15:00,Matchweek 9,Sat,Brentford,Burnley,3,0,3.1,1.1,50.0,4-3-3,50.0,4-2-3-1,23.0,9.0,15.0,1.0,0,0,6.0,1.0,20.2,0.0,0,0,17029.0,Christian Nørgaard,Josh Cullen,Joshua Smith
290,2023-11-04 15:00 Brentford West Ham,2023-11-04,15:00,Matchweek 11,Sat,Brentford,West Ham,3,2,1.5,1.8,58.0,4-3-3,42.0,4-4-2,16.0,4.0,15.7,1.0,0,0,12.0,2.0,15.3,0.0,0,0,17103.0,Christian Nørgaard,James Ward-Prowse,Thomas Bramall
291,2023-11-25 17:30 Brentford Arsenal,2023-11-25,17:30,Matchweek 13,Sat,Brentford,Arsenal,0,1,1.1,1.6,37.0,5-3-2,63.0,4-3-3,9.0,1.0,13.9,0.0,0,0,15.0,4.0,15.2,0.0,0,0,17201.0,Christian Nørgaard,Martin Ødegaard,Tim Robinson
292,2023-12-02 15:00 Brentford Luton Town,2023-12-02,15:00,Matchweek 14,Sat,Brentford,Luton Town,3,1,3.1,0.2,68.0,4-3-3,32.0,3-4-3,27.0,6.0,15.4,0.0,0,0,7.0,1.0,23.8,0.0,0,0,17075.0,Christian Nørgaard,Tom Lockyer,Anthony Taylor
293,2023-12-17 14:00 Brentford Aston Villa,2023-12-17,14:00,Matchweek 17,Sun,Brentford,Aston Villa,1,2,0.5,1.4,34.0,3-5-2,66.0,3-5-2,4.0,3.0,13.3,0.0,0,0,15.0,5.0,16.7,0.0,0,0,17034.0,Christian Nørgaard,John McGinn,David Coote
294,2023-12-27 19:30 Brentford Wolverhampton,2023-12-27,19:30,Matchweek 19,Wed,Brentford,Wolverhampton,1,4,2.2,2.4,60.0,4-3-3,40.0,3-4-3,14.0,4.0,13.8,0.0,0,0,11.0,5.0,17.8,0.0,0,0,17109.0,Christian Nørgaard,Max Kilman,Andy Madley
295,2024-01-20 17:30 Brentford Nottingham Forest,2024-01-20,17:30,Matchweek 21,Sat,Brentford,Nottingham Forest,3,2,1.2,1.2,48.0,3-5-2,52.0,4-2-3-1,11.0,5.0,14.8,1.0,0,0,12.0,3.0,20.5,0.0,0,0,17077.0,Ivan Toney,Ryan Yates,Darren England
296,2024-02-05 20:00 Brentford Manchester City,2024-02-05,20:00,Matchweek 23,Mon,Brentford,Manchester City,1,3,1.0,2.1,28.0,3-5-2,72.0,4-1-4-1,9.0,2.0,15.3,0.0,0,0,25.0,15.0,19.2,0.0,0,0,17096.0,Christian Nørgaard,Kyle Walker,Jarred Gillett
297,2024-02-17 12:30 Brentford Liverpool,2024-02-17,12:30,Matchweek 25,Sat,Brentford,Liverpool,1,4,1.6,2.8,38.0,3-5-2,62.0,4-3-3,15.0,6.0,19.8,3.0,0,0,15.0,8.0,15.9,1.0,0,0,17193.0,Christian Nørgaard,Virgil van Dijk,Michael Oliver
298,2024-03-02 15:00 Brentford Chelsea,2024-03-02,15:00,Matchweek 27,Sat,Brentford,Chelsea,2,2,1.8,1.8,33.0,3-5-2,67.0,3-5-2,14.0,5.0,14.5,0.0,0,0,17.0,5.0,19.5,0.0,0,0,17140.0,Christian Nørgaard,Ben Chilwell,Jarred Gillett
299,2024-03-30 20:00 Brentford Manchester United,2024-03-30,20:00,Matchweek 30,Sat,Brentford,Manchester United,1,1,3.2,0.6,47.0,3-5-2,53.0,4-2-3-1,31.0,5.0,15.0,1.0,0,0,11.0,5.0,22.5,0.0,0,0,17138.0,Ivan Toney,Bruno Fernandes,Simon Hooper
300,2024-04-03 19:30 Brentford Brighton,2024-04-03,19:30,Matchweek 31,Wed,Brentford,Brighton,0,0,0.6,1.1,34.0,3-5-2,66.0,4-2-3-1,5.0,2.0,17.1,1.0,0,0,24.0,6.0,20.1,0.0,0,0,17024.0,Ivan Toney,Lewis Dunk,Andy Madley
301,2024-04-13 15:00 Brentford Sheffield,2024-04-13,15:00,Matchweek 33,Sat,Brentford,Sheffield,2,0,1.0,0.8,53.0,4-3-3,47.0,3-5-2,9.0,5.0,18.7,0.0,0,0,8.0,2.0,15.1,0.0,0,0,17115.0,Mathias Jensen,Oliver McBurnie,Samuel Barrott
302,2024-05-04 15:00 Brentford Fulham,2024-05-04,15:00,Matchweek 36,Sat,Brentford,Fulham,0,0,0.6,1.3,54.0,4-3-3,46.0,4-2-3-1,7.0,2.0,12.9,0.0,0,0,15.0,3.0,17.4,0.0,0,0,17090.0,Christian Nørgaard,Bernd Leno,Graham Scott
303,2024-05-19 16:00 Brentford Newcastle United,2024-05-19,16:00,Matchweek 38,Sun,Brentford,Newcastle United,2,4,1.1,3.4,54.0,4-3-3,46.0,4-3-3,10.0,5.0,15.9,1.0,0,0,12.0,7.0,15.4,2.0,0,0,17124.0,Christian Nørgaard,Dan Burn,Simon Hooper
304,2023-08-18 19:45 Nottingham Forest Sheffield,2023-08-18,19:45,Matchweek 2,Fri,Nottingham Forest,Sheffield,2,1,1.4,0.5,50.0,3-4-3,50.0,3-4-3,16.0,4.0,15.6,0.0,0,0,7.0,3.0,18.8,0.0,0,0,29432.0,Joe Worrall,John Egan,Peter Bankes
305,2023-09-18 19:45 Nottingham Forest Burnley,2023-09-18,19:45,Matchweek 5,Mon,Nottingham Forest,Burnley,1,1,0.7,0.5,46.0,4-2-3-1,54.0,4-2-3-1,14.0,4.0,18.8,0.0,0,0,10.0,3.0,18.9,0.0,0,0,28958.0,Joe Worrall,Josh Brownhill,Robert Jones
306,2023-10-01 14:00 Nottingham Forest Brentford,2023-10-01,14:00,Matchweek 7,Sun,Nottingham Forest,Brentford,1,1,0.5,1.6,41.0,4-3-3,59.0,4-3-3,6.0,1.0,15.4,0.0,0,0,18.0,3.0,14.1,0.0,0,0,29004.0,Serge Aurier,Christian Nørgaard,Paul Tierney
307,2023-10-21 15:00 Nottingham Forest Luton Town,2023-10-21,15:00,Matchweek 9,Sat,Nottingham Forest,Luton Town,2,2,2.9,1.7,57.0,4-3-3,43.0,4-4-2,19.0,8.0,11.1,0.0,0,0,13.0,4.0,17.6,0.0,0,0,29361.0,Serge Aurier,Tom Lockyer,Samuel Barrott
308,2023-11-05 14:00 Nottingham Forest Aston Villa,2023-11-05,14:00,Matchweek 11,Sun,Nottingham Forest,Aston Villa,2,0,0.4,1.2,27.0,4-3-3,73.0,4-4-2,5.0,3.0,21.1,0.0,0,0,13.0,3.0,14.0,0.0,0,0,29313.0,Morgan Gibbs-White,John McGinn,Jarred Gillett
309,2023-11-25 15:00 Nottingham Forest Brighton,2023-11-25,15:00,Matchweek 13,Sat,Nottingham Forest,Brighton,2,3,1.9,1.3,47.0,4-1-4-1,53.0,4-2-3-1,17.0,4.0,14.7,0.0,1,1,9.0,4.0,19.9,1.0,1,1,29404.0,Morgan Gibbs-White,Lewis Dunk,Anthony Taylor
310,2023-12-02 17:30 Nottingham Forest Everton,2023-12-02,17:30,Matchweek 14,Sat,Nottingham Forest,Everton,0,1,0.7,0.7,61.0,4-3-3,39.0,4-4-1-1,13.0,2.0,16.1,0.0,0,0,12.0,2.0,20.8,1.0,0,0,29404.0,Ryan Yates,James Tarkowski,Paul Tierney
311,2023-12-15 20:00 Nottingham Forest Tottenham,2023-12-15,20:00,Matchweek 17,Fri,Nottingham Forest,Tottenham,0,2,1.3,1.5,34.0,3-5-2,66.0,4-2-3-1,15.0,1.0,16.1,0.0,0,0,12.0,6.0,12.5,0.0,0,0,29296.0,Ryan Yates,Son Heung-min,Jarred Gillett
312,2023-12-23 15:00 Nottingham Forest Bournemouth,2023-12-23,15:00,Matchweek 18,Sat,Nottingham Forest,Bournemouth,2,3,1.0,1.6,34.0,4-2-3-1,66.0,4-2-3-1,11.0,4.0,14.5,0.0,0,0,18.0,6.0,15.9,1.0,0,0,29188.0,Ryan Yates,Neto,Robert Jones
313,2023-12-30 17:30 Nottingham Forest Manchester United,2023-12-30,17:30,Matchweek 20,Sat,Nottingham Forest,Manchester United,2,1,0.7,0.8,44.0,4-2-3-1,56.0,4-2-3-1,8.0,2.0,18.3,0.0,0,0,10.0,5.0,17.5,0.0,0,0,29529.0,Ryan Yates,Bruno Fernandes,Tim Robinson
314,2024-01-30 19:30 Nottingham Forest Arsenal,2024-01-30,19:30,Matchweek 22,Tue,Nottingham Forest,Arsenal,1,2,0.5,1.2,27.0,4-2-3-1,73.0,4-3-3,9.0,3.0,18.7,0.0,0,0,19.0,3.0,17.6,0.0,0,0,29387.0,Morgan Gibbs-White,Martin Ødegaard,Simon Hooper
315,2024-02-10 17:30 Nottingham Forest Newcastle United,2024-02-10,17:30,Matchweek 24,Sat,Nottingham Forest,Newcastle United,2,3,1.5,0.5,39.0,4-2-3-1,61.0,4-3-3,13.0,3.0,21.8,0.0,0,0,7.0,5.0,19.2,0.0,0,0,29451.0,Ryan Yates,Kieran Trippier,Anthony Taylor
316,2024-02-17 15:00 Nottingham Forest West Ham,2024-02-17,15:00,Matchweek 25,Sat,Nottingham Forest,West Ham,2,0,2.8,0.5,49.0,4-2-3-1,51.0,4-2-3-1,19.0,8.0,16.5,0.0,0,0,10.0,3.0,18.9,1.0,0,0,29490.0,Morgan Gibbs-White,Kurt Zouma,Thomas Bramall
317,2024-03-02 15:00 Nottingham Forest Liverpool,2024-03-02,15:00,Matchweek 27,Sat,Nottingham Forest,Liverpool,0,1,1.0,2.0,31.0,4-2-3-1,69.0,4-3-3,8.0,2.0,19.3,0.0,0,0,22.0,1.0,14.6,0.0,0,0,29603.0,Ryan Yates,Virgil van Dijk,Paul Tierney
318,2024-03-30 15:00 Nottingham Forest Crystal Palace,2024-03-30,15:00,Matchweek 30,Sat,Nottingham Forest,Crystal Palace,1,1,0.9,1.2,59.0,4-2-3-1,41.0,3-4-3,12.0,5.0,20.5,0.0,0,0,10.0,3.0,18.4,0.0,0,0,29520.0,Ryan Yates,Joel Ward,Chris Kavanagh
319,2024-04-02 19:30 Nottingham Forest Fulham,2024-04-02,19:30,Matchweek 31,Tue,Nottingham Forest,Fulham,3,1,1.5,1.5,34.0,4-2-3-1,66.0,4-2-3-1,16.0,4.0,18.5,0.0,0,0,18.0,3.0,12.3,0.0,0,0,28997.0,Ryan Yates,Bernd Leno,Michael Oliver
320,2024-04-13 15:00 Nottingham Forest Wolverhampton,2024-04-13,15:00,Matchweek 33,Sat,Nottingham Forest,Wolverhampton,2,2,1.9,1.0,46.0,4-2-3-1,54.0,3-4-1-2,18.0,9.0,17.0,0.0,0,0,11.0,3.0,16.1,0.0,0,0,29604.0,Ryan Yates,Max Kilman,Craig Pawson
321,2024-04-28 16:30 Nottingham Forest Manchester City,2024-04-28,16:30,Matchweek 35,Sun,Nottingham Forest,Manchester City,0,2,1.9,0.9,34.0,5-4-1,66.0,4-1-4-1,14.0,2.0,15.0,1.0,0,0,11.0,5.0,18.7,1.0,0,0,29677.0,Morgan Gibbs-White,Kyle Walker,Simon Hooper
322,2024-05-11 17:30 Nottingham Forest Chelsea,2024-05-11,17:30,Matchweek 37,Sat,Nottingham Forest,Chelsea,2,3,1.5,1.6,33.0,5-4-1,67.0,4-2-3-1,20.0,4.0,17.2,0.0,0,0,12.0,5.0,12.0,1.0,0,0,29708.0,Ryan Yates,Conor Gallagher,Tony Harrington
323,2023-09-01 20:00 Luton Town West Ham,2023-09-01,20:00,Matchweek 4,Fri,Luton Town,West Ham,1,2,1.4,1.0,39.0,5-3-2,61.0,4-2-3-1,16.0,1.0,11.9,0.0,0,0,9.0,3.0,16.3,0.0,0,0,10802.0,Carlton Morris,Kurt Zouma,Paul Tierney
324,2023-09-23 15:00 Luton Town Wolverhampton,2023-09-23,15:00,Matchweek 6,Sat,Luton Town,Wolverhampton,1,1,2.1,0.6,57.0,3-4-3,43.0,4-2-3-1,19.0,3.0,17.3,0.0,1,1,3.0,3.0,7.0,0.0,0,0,10893.0,Tom Lockyer,Max Kilman,Joshua Smith
325,2023-10-03 19:30 Luton Town Burnley,2023-10-03,19:30,Matchweek 2,Tue,Luton Town,Burnley,1,2,1.3,1.1,49.0,3-4-3,51.0,4-3-3,18.0,2.0,13.1,0.0,0,0,14.0,4.0,20.2,0.0,0,0,10918.0,Tom Lockyer,Josh Brownhill,Peter Bankes
326,2023-10-07 12:30 Luton Town Tottenham,2023-10-07,12:30,Matchweek 8,Sat,Luton Town,Tottenham,0,1,0.8,1.9,34.0,4-4-2,66.0,4-2-3-1,12.0,2.0,16.3,0.0,0,0,15.0,4.0,16.9,1.0,0,0,10290.0,Tom Lockyer,Son Heung-min,John Brooks
327,2023-11-05 16:30 Luton Town Liverpool,2023-11-05,16:30,Matchweek 11,Sun,Luton Town,Liverpool,1,1,0.8,2.6,27.0,3-4-3,73.0,4-3-3,8.0,5.0,17.9,0.0,0,0,24.0,6.0,17.5,0.0,0,0,11049.0,Tom Lockyer,Virgil van Dijk,Andy Madley
328,2023-11-25 15:00 Luton Town Crystal Palace,2023-11-25,15:00,Matchweek 13,Sat,Luton Town,Crystal Palace,2,1,0.9,1.6,39.0,3-4-3,61.0,4-2-3-1,8.0,3.0,14.2,0.0,0,0,16.0,8.0,16.3,1.0,0,0,11029.0,Tom Lockyer,Joel Ward,Jarred Gillett
329,2023-12-05 20:15 Luton Town Arsenal,2023-12-05,20:15,Matchweek 15,Tue,Luton Town,Arsenal,3,4,0.5,2.2,34.0,3-4-3,66.0,4-3-3,6.0,4.0,18.8,0.0,0,0,23.0,9.0,15.5,0.0,0,0,11031.0,Pelly Ruddock Mpanzu,Martin Ødegaard,Samuel Barrott
330,2023-12-10 14:00 Luton Town Manchester City,2023-12-10,14:00,Matchweek 16,Sun,Luton Town,Manchester City,1,2,0.3,1.6,35.0,3-4-3,65.0,4-2-3-1,4.0,2.0,19.2,0.0,0,0,18.0,6.0,18.7,1.0,0,0,11047.0,Tom Lockyer,Kyle Walker,Tim Robinson
331,2023-12-23 15:00 Luton Town Newcastle United,2023-12-23,15:00,Matchweek 18,Sat,Luton Town,Newcastle United,1,0,1.4,1.4,35.0,3-4-3,65.0,4-3-3,16.0,5.0,19.4,0.0,0,0,15.0,2.0,12.2,0.0,0,0,11042.0,Amari'i Bell,Jamaal Lascelles,Darren England
332,2023-12-30 12:30 Luton Town Chelsea,2023-12-30,12:30,Matchweek 20,Sat,Luton Town,Chelsea,2,3,2.3,1.5,52.0,3-4-3,48.0,4-2-3-1,15.0,6.0,11.6,1.0,0,0,12.0,8.0,17.5,0.0,0,0,11041.0,Amari'i Bell,Conor Gallagher,Paul Tierney
333,2024-01-30 19:45 Luton Town Brighton,2024-01-30,19:45,Matchweek 22,Tue,Luton Town,Brighton,4,0,3.1,0.9,41.0,3-4-3,59.0,3-4-3,18.0,8.0,13.8,1.0,0,0,9.0,2.0,13.9,0.0,0,0,10994.0,Carlton Morris,Lewis Dunk,Robert Jones
334,2024-02-10 15:00 Luton Town Sheffield,2024-02-10,15:00,Matchweek 24,Sat,Luton Town,Sheffield,1,3,1.8,1.7,74.0,3-4-3,26.0,5-4-1,19.0,4.0,17.3,0.0,1,1,6.0,2.0,22.4,0.0,1,1,11138.0,Carlton Morris,Anel Ahmedhodžić,Chris Kavanagh
335,2024-02-18 16:30 Luton Town Manchester United,2024-02-18,16:30,Matchweek 25,Sun,Luton Town,Manchester United,1,2,1.8,2.9,58.0,3-4-3,42.0,4-2-3-1,22.0,4.0,18.6,1.0,0,0,21.0,8.0,19.8,2.0,0,0,11483.0,Carlton Morris,Bruno Fernandes,David Coote
336,2024-03-02 17:30 Luton Town Aston Villa,2024-03-02,17:30,Matchweek 27,Sat,Luton Town,Aston Villa,2,3,1.8,1.9,46.0,3-4-3,54.0,4-2-3-1,14.0,4.0,11.4,1.0,0,0,12.0,8.0,12.5,0.0,0,0,11594.0,Carlton Morris,John McGinn,Michael Oliver
337,2024-03-16 15:00 Luton Town Nottingham Forest,2024-03-16,15:00,Matchweek 29,Sat,Luton Town,Nottingham Forest,1,1,0.6,2.0,60.0,3-4-3,40.0,4-2-3-1,10.0,4.0,18.5,0.0,0,0,16.0,3.0,22.0,2.0,0,0,11630.0,Carlton Morris,Ryan Yates,Darren England
338,2024-04-06 15:00 Luton Town Bournemouth,2024-04-06,15:00,Matchweek 32,Sat,Luton Town,Bournemouth,2,1,1.5,0.4,55.0,3-4-3,45.0,4-2-3-1,19.0,9.0,18.2,0.0,0,0,8.0,1.0,19.1,1.0,0,0,11797.0,Carlton Morris,Neto,Andy Madley
339,2024-04-20 15:00 Luton Town Brentford,2024-04-20,15:00,Matchweek 34,Sat,Luton Town,Brentford,1,5,0.6,3.1,53.0,3-4-3,47.0,4-3-3,6.0,3.0,17.0,0.0,0,0,21.0,9.0,18.0,0.0,0,0,11877.0,Carlton Morris,Mathias Jensen,Jarred Gillett
340,2024-05-03 20:00 Luton Town Everton,2024-05-03,20:00,Matchweek 36,Fri,Luton Town,Everton,1,1,0.8,1.4,51.0,3-4-3,49.0,4-4-1-1,18.0,5.0,18.4,0.0,0,0,9.0,2.0,18.7,0.0,1,1,11873.0,Carlton Morris,James Tarkowski,Tim Robinson
341,2024-05-19 16:00 Luton Town Fulham,2024-05-19,16:00,Matchweek 38,Sun,Luton Town,Fulham,2,4,2.0,1.1,41.0,3-4-3,59.0,4-2-3-1,14.0,5.0,19.3,2.0,1,1,16.0,8.0,21.6,2.0,0,0,12027.0,Carlton Morris,Tim Ream,Matt Donohue
342,2023-08-11 20:00 Burnley Manchester City,2023-08-11,20:00,Matchweek 1,Fri,Burnley,Manchester City,0,3,0.3,1.9,35.0,5-4-1,65.0,4-2-3-1,6.0,1.0,14.9,0.0,0,0,17.0,8.0,13.9,0.0,0,0,21572.0,Josh Cullen,Kevin De Bruyne,Craig Pawson
343,2023-08-27 14:00 Burnley Aston Villa,2023-08-27,14:00,Matchweek 3,Sun,Burnley,Aston Villa,1,3,0.7,2.5,57.0,4-4-2,43.0,3-4-3,9.0,2.0,17.7,0.0,0,0,16.0,6.0,13.4,0.0,0,0,21591.0,Josh Cullen,John McGinn,Michael Salisbury
344,2023-09-02 15:00 Burnley Tottenham,2023-09-02,15:00,Matchweek 4,Sat,Burnley,Tottenham,2,5,1.3,2.2,47.0,4-4-2,53.0,4-2-3-1,16.0,4.0,17.9,1.0,0,0,21.0,11.0,19.3,0.0,0,0,21750.0,Josh Cullen,Son Heung-min,Darren England
345,2023-09-23 20:00 Burnley Manchester United,2023-09-23,20:00,Matchweek 6,Sat,Burnley,Manchester United,0,1,1.1,1.0,61.0,4-3-3,39.0,4-2-3-1,12.0,4.0,15.6,0.0,0,0,11.0,4.0,15.0,0.0,0,0,21593.0,Josh Brownhill,Bruno Fernandes,Tony Harrington
346,2023-10-07 15:00 Burnley Chelsea,2023-10-07,15:00,Matchweek 8,Sat,Burnley,Chelsea,1,4,0.7,1.9,38.0,4-3-3,62.0,4-3-3,10.0,3.0,18.2,1.0,0,0,8.0,4.0,18.1,0.0,1,1,21654.0,Josh Brownhill,Conor Gallagher,Stuart Attwell
347,2023-11-04 15:00 Burnley Crystal Palace,2023-11-04,15:00,Matchweek 11,Sat,Burnley,Crystal Palace,0,2,1.1,1.3,67.0,4-4-2,33.0,4-2-3-1,17.0,5.0,13.3,0.0,0,0,4.0,3.0,13.9,0.0,0,0,21578.0,Josh Brownhill,Joel Ward,Peter Bankes
348,2023-11-25 15:00 Burnley West Ham,2023-11-25,15:00,Matchweek 13,Sat,Burnley,West Ham,1,2,1.3,0.9,50.0,4-4-2,50.0,4-2-3-1,10.0,4.0,17.2,0.0,1,1,11.0,3.0,13.2,0.0,0,0,21319.0,Josh Brownhill,Kurt Zouma,Samuel Barrott
349,2023-12-02 15:00 Burnley Sheffield,2023-12-02,15:00,Matchweek 14,Sat,Burnley,Sheffield,5,0,1.8,0.4,63.0,4-4-2,37.0,3-4-3,19.0,7.0,15.9,0.0,0,0,6.0,3.0,18.9,0.0,0,0,21478.0,Josh Brownhill,Oliver Norwood,Chris Kavanagh
350,2023-12-16 17:30 Burnley Everton,2023-12-16,17:30,Matchweek 17,Sat,Burnley,Everton,0,2,0.7,1.4,61.0,4-4-2,39.0,5-4-1,14.0,2.0,18.8,1.0,0,0,9.0,6.0,11.8,1.0,0,0,21413.0,Josh Brownhill,James Tarkowski,Anthony Taylor
351,2023-12-26 17:30 Burnley Liverpool,2023-12-26,17:30,Matchweek 19,Tue,Burnley,Liverpool,0,2,0.8,1.8,32.0,4-4-2,68.0,4-3-3,9.0,0.0,16.7,0.0,0,0,19.0,10.0,17.4,0.0,0,0,21624.0,Josh Brownhill,Virgil van Dijk,Paul Tierney
352,2024-01-12 19:45 Burnley Luton Town,2024-01-12,19:45,Matchweek 21,Fri,Burnley,Luton Town,1,1,1.1,0.9,39.0,4-4-2,61.0,3-4-3,13.0,7.0,18.8,1.0,0,0,14.0,5.0,18.2,0.0,0,0,20155.0,Josh Brownhill,Amari'i Bell,Tony Harrington
353,2024-02-03 15:00 Burnley Fulham,2024-02-03,15:00,Matchweek 23,Sat,Burnley,Fulham,2,2,1.8,1.5,44.0,4-4-2,56.0,4-2-3-1,12.0,4.0,15.4,0.0,0,0,15.0,7.0,13.2,0.0,0,0,20203.0,Josh Brownhill,Tim Ream,Darren Bond
354,2024-02-17 15:00 Burnley Arsenal,2024-02-17,15:00,Matchweek 25,Sat,Burnley,Arsenal,0,5,0.3,2.3,36.0,4-4-2,64.0,4-3-3,8.0,0.0,18.6,0.0,0,0,15.0,6.0,16.8,1.0,1,1,21311.0,Josh Brownhill,Martin Ødegaard,Jarred Gillett
355,2024-03-03 13:00 Burnley Bournemouth,2024-03-03,13:00,Matchweek 27,Sun,Burnley,Bournemouth,0,2,1.5,1.1,74.0,4-4-2,26.0,4-2-3-1,20.0,5.0,18.9,1.0,0,0,10.0,3.0,15.1,1.0,0,0,19713.0,Josh Cullen,Neto,David Coote
356,2024-03-16 15:00 Burnley Brentford,2024-03-16,15:00,Matchweek 29,Sat,Burnley,Brentford,2,1,2.8,1.1,60.0,4-4-2,40.0,3-5-2,16.0,5.0,19.2,0.0,1,1,9.0,5.0,14.7,0.0,0,0,20431.0,Josh Cullen,Ivan Toney,Darren Bond
357,2024-04-02 19:45 Burnley Wolverhampton,2024-04-02,19:45,Matchweek 31,Tue,Burnley,Wolverhampton,1,1,1.3,0.9,51.0,4-4-2,49.0,4-4-1-1,13.0,6.0,18.4,0.0,0,0,8.0,2.0,12.4,0.0,0,0,21528.0,Josh Cullen,Max Kilman,Thomas Bramall
358,2024-04-13 15:00 Burnley Brighton,2024-04-13,15:00,Matchweek 33,Sat,Burnley,Brighton,1,1,1.7,0.9,44.0,4-4-2,56.0,4-2-3-1,11.0,3.0,17.1,0.0,0,0,20.0,8.0,18.4,1.0,0,0,20687.0,Josh Cullen,Lewis Dunk,Simon Hooper
359,2024-05-04 15:00 Burnley Newcastle United,2024-05-04,15:00,Matchweek 36,Sat,Burnley,Newcastle United,1,4,1.0,3.4,47.0,4-2-3-1,53.0,4-4-2,17.0,5.0,18.2,0.0,0,0,22.0,10.0,17.6,1.0,0,1,21781.0,Josh Brownhill,Dan Burn,Anthony Taylor
360,2024-05-19 16:00 Burnley Nottingham Forest,2024-05-19,16:00,Matchweek 38,Sun,Burnley,Nottingham Forest,1,2,1.2,1.7,72.0,4-4-2,28.0,4-2-3-1,20.0,3.0,22.4,1.0,0,0,12.0,6.0,17.2,0.0,0,0,21109.0,Josh Cullen,Ryan Yates,Graham Scott
361,2023-08-12 15:00 Sheffield Crystal Palace,2023-08-12,15:00,Matchweek 1,Sat,Sheffield,Crystal Palace,0,1,0.5,1.9,32.0,3-4-3,68.0,4-2-3-1,8.0,1.0,19.4,0.0,0,0,24.0,8.0,18.5,1.0,0,0,31194.0,John Egan,Joel Ward,John Brooks
362,2023-08-27 14:00 Sheffield Manchester City,2023-08-27,14:00,Matchweek 3,Sun,Sheffield,Manchester City,1,2,0.7,3.5,21.0,3-5-2,79.0,4-2-3-1,6.0,1.0,16.1,0.0,0,0,29.0,9.0,17.3,2.0,0,1,31336.0,John Egan,Kyle Walker,Jarred Gillett
363,2023-09-02 12:30 Sheffield Everton,2023-09-02,12:30,Matchweek 4,Sat,Sheffield,Everton,2,2,1.2,2.5,46.0,3-5-2,54.0,4-4-1-1,13.0,7.0,14.1,0.0,0,0,16.0,6.0,14.8,2.0,0,0,31124.0,John Egan,James Tarkowski,Andy Madley
364,2023-09-24 16:30 Sheffield Newcastle United,2023-09-24,16:30,Matchweek 6,Sun,Sheffield,Newcastle United,0,8,0.9,3.9,42.0,3-4-3,58.0,4-3-3,9.0,1.0,13.7,0.0,0,0,22.0,15.0,14.2,0.0,0,0,31127.0,John Egan,Kieran Trippier,Stuart Attwell
365,2023-10-21 20:00 Sheffield Manchester United,2023-10-21,20:00,Matchweek 9,Sat,Sheffield,Manchester United,1,2,1.4,1.1,38.0,4-4-2,62.0,4-2-3-1,11.0,5.0,25.8,0.0,1,1,14.0,5.0,20.6,1.0,0,0,31543.0,Oliver Norwood,Bruno Fernandes,Michael Oliver
366,2023-11-04 15:00 Sheffield Wolverhampton,2023-11-04,15:00,Matchweek 11,Sat,Sheffield,Wolverhampton,2,1,1.0,1.2,39.0,3-4-1-2,61.0,4-4-1-1,10.0,1.0,27.6,1.0,1,1,10.0,3.0,17.5,1.0,0,0,29454.0,Oliver Norwood,Max Kilman,Robert Jones
367,2023-11-25 15:00 Sheffield Bournemouth,2023-11-25,15:00,Matchweek 13,Sat,Sheffield,Bournemouth,1,3,0.8,2.9,46.0,3-4-3,54.0,4-2-3-1,10.0,2.0,14.9,0.0,0,0,23.0,11.0,15.7,0.0,0,0,30208.0,Oliver Norwood,Neto,Andy Madley
368,2023-12-06 19:30 Sheffield Liverpool,2023-12-06,19:30,Matchweek 15,Wed,Sheffield,Liverpool,0,2,1.0,1.7,25.0,3-4-3,75.0,4-3-3,6.0,1.0,14.6,1.0,0,0,15.0,8.0,16.4,0.0,0,0,31406.0,Anel Ahmedhodžić,Virgil van Dijk,Simon Hooper
369,2023-12-09 15:00 Sheffield Brentford,2023-12-09,15:00,Matchweek 16,Sat,Sheffield,Brentford,1,0,0.8,0.6,41.0,4-1-4-1,59.0,4-3-3,9.0,4.0,21.7,0.0,0,0,10.0,4.0,16.7,0.0,0,0,28509.0,Anel Ahmedhodžić,Christian Nørgaard,Stuart Attwell
370,2023-12-26 15:00 Sheffield Luton Town,2023-12-26,15:00,Matchweek 19,Tue,Sheffield,Luton Town,2,3,2.4,0.6,51.0,4-4-2,49.0,3-4-3,21.0,4.0,16.3,1.0,0,0,12.0,4.0,17.9,1.0,0,0,31041.0,Anel Ahmedhodžić,Amari'i Bell,Samuel Allison
371,2024-01-21 14:00 Sheffield West Ham,2024-01-21,14:00,Matchweek 21,Sun,Sheffield,West Ham,2,2,2.5,2.3,57.0,4-1-4-1,43.0,4-4-1-1,20.0,5.0,18.5,1.0,1,1,15.0,4.0,14.9,0.0,1,1,29164.0,Anel Ahmedhodžić,Kurt Zouma,Michael Salisbury
372,2024-02-03 17:30 Sheffield Aston Villa,2024-02-03,17:30,Matchweek 23,Sat,Sheffield,Aston Villa,0,5,1.4,2.2,37.0,5-4-1,63.0,4-2-3-1,10.0,4.0,10.0,0.0,0,0,14.0,9.0,15.8,1.0,0,0,30187.0,Anel Ahmedhodžić,John McGinn,Paul Tierney
373,2024-02-18 14:00 Sheffield Brighton,2024-02-18,14:00,Matchweek 25,Sun,Sheffield,Brighton,0,5,0.6,2.9,21.0,3-5-1-1,79.0,4-2-3-1,6.0,1.0,18.7,0.0,0,0,24.0,9.0,15.1,0.0,0,0,29522.0,Anel Ahmedhodžić,Lewis Dunk,Stuart Attwell
374,2024-03-04 20:00 Sheffield Arsenal,2024-03-04,20:00,Matchweek 27,Mon,Sheffield,Arsenal,0,6,0.2,2.3,20.0,4-5-1,80.0,4-3-3,4.0,0.0,21.8,0.0,0,0,22.0,9.0,15.6,1.0,0,0,29157.0,Anel Ahmedhodžić,Martin Ødegaard,Samuel Barrott
375,2024-03-30 15:00 Sheffield Fulham,2024-03-30,15:00,Matchweek 30,Sat,Sheffield,Fulham,3,3,1.9,1.3,27.0,3-5-2,73.0,4-2-3-1,8.0,4.0,15.7,0.0,0,0,24.0,9.0,17.6,0.0,0,0,30010.0,Jack Robinson,Bernd Leno,Tim Robinson
376,2024-04-07 17:30 Sheffield Chelsea,2024-04-07,17:30,Matchweek 32,Sun,Sheffield,Chelsea,2,2,1.4,0.3,32.0,3-5-2,68.0,4-2-3-1,11.0,5.0,15.2,0.0,0,0,6.0,3.0,18.5,0.0,0,0,28638.0,Jack Robinson,Conor Gallagher,Robert Jones
377,2024-04-20 15:00 Sheffield Burnley,2024-04-20,15:00,Matchweek 34,Sat,Sheffield,Burnley,1,4,2.4,2.2,49.0,4-2-3-1,51.0,4-4-2,18.0,11.0,14.9,0.0,0,0,16.0,9.0,16.0,0.0,0,0,28964.0,Oliver McBurnie,Josh Cullen,Andy Madley
378,2024-05-04 15:00 Sheffield Nottingham Forest,2024-05-04,15:00,Matchweek 36,Sat,Sheffield,Nottingham Forest,1,3,2.2,1.5,54.0,3-5-2,46.0,4-2-3-1,16.0,4.0,18.0,0.0,1,1,15.0,4.0,17.2,0.0,0,0,28516.0,Jack Robinson,Ryan Yates,Chris Kavanagh
379,2024-05-19 16:00 Sheffield Tottenham,2024-05-19,16:00,Matchweek 38,Sun,Sheffield,Tottenham,0,3,1.0,3.1,25.0,5-3-2,75.0,4-2-3-1,6.0,1.0,18.0,1.0,0,0,18.0,9.0,14.4,1.0,0,0,29116.0,Jack Robinson,Son Heung-min,Andy Madley
